ID;Nom;Année de sortie;Classification;Durée (min);Genre1;Genre2;Genre3
0;The Dark Knight : Le Chevalier noir;2008;Tous publics;152;Action; Crime; Drama
1;Le Seigneur des anneaux : Le Retour du roi;2003;Tous publics avec avertissement;201;Action; Adventure; Drama
2;Inception;2010;Tous publics;148;Action; Adventure; Sci-Fi
3;Le Seigneur des anneaux : La Communauté de l'anneau;2001;Tous publics;178;Action; Adventure; Drama
4;Le Seigneur des anneaux : Les Deux Tours;2002;Tous publics avec avertissement;179;Action; Adventure; Drama
5;Matrix;1999;Tous publics avec avertissement;136;Action; Sci-Fi;
6;L'Empire contre-attaque;1980;Tous publics;124;Action; Adventure; Fantasy
7;Soorarai Pottru;2020;18;153;Action; Drama;
8;Star Wars: Épisode IV - Un nouvel espoir;1977;Tous publics;121;Action; Adventure; Fantasy
9;Terminator 2 : Le jugement dernier;1991;12;137;Action; Sci-Fi;
10;Les 7 Samouraïs;1954;Tous publics;207;Action; Drama;
11;Harakiri;1962;Tous publics;133;Action; Drama; Mystery
12;Sita Ramam;2022;;163;Action; Drama; Mystery
13;Léon;1994;12;110;Action; Crime; Drama
14;Gladiator;2000;Tous publics avec avertissement;155;Action; Adventure; Drama
15;Avengers: Endgame;2019;Tous publics;181;Action; Adventure; Drama
16;Spider-Man: New Generation;2018;Tous publics;117;Animation; Action; Adventure
17;Avengers: Infinity War;2018;Tous publics;149;Action; Adventure; Sci-Fi
18;Old Boy;2003;16;120;Action; Drama; Mystery
19;Les Aventuriers de l'arche perdue;1981;Tous publics;115;Action; Adventure;
20;The Dark Knight Rises;2012;Tous publics;164;Action; Drama; Thriller
21;Aliens : Le Retour;1986;13;137;Action; Adventure; Sci-Fi
22;Kaithi;2019;18;145;Action; Adventure; Crime
23;Asuran;2019;;141;Action; Drama;
24;Les Gardiens de la Galaxie 3;2023;Tous publics;150;Action; Adventure; Comedy
25;Heat;1995;Tous publics avec avertissement;170;Action; Crime; Drama
26;Top Gun: Maverick;2022;Tous publics;130;Action; Drama;
27;Le Retour du Jedi;1983;Tous publics;131;Action; Adventure; Fantasy
28;Princesse Mononoké;1997;Tous publics;134;Animation; Action; Adventure
29;La mort aux trousses;1959;Tous publics;136;Action; Adventure; Mystery
30;Kantara;2022;;148;Action; Adventure; Drama
31;Dangal;2016;Tous publics;161;Action; Biography; Drama
32;K.G.F: Chapter 2;2022;13;168;Action; Crime; Drama
33;Vikram;2022;;175;Action; Crime; Thriller
34;Ratsasan;2018;;170;Action; Crime; Drama
35;Shershaah;2021;13;135;Action; Biography; Drama
36;John Wick: Chapitre 4;2023;12;169;Action; Crime; Thriller
37;Spider-Man: No Way Home;2021;Tous publics;148;Action; Adventure; Fantasy
38;1917;2019;Tous publics avec avertissement;119;Action; Drama; War
39;Jurassic Park;1993;Tous publics;127;Action; Adventure; Sci-Fi
40;Kill Bill: Volume I;2003;16;111;Action; Crime; Drama
41;Batman Begins;2005;Tous publics;140;Action; Crime; Drama
42;Indiana Jones et la dernière croisade;1989;Tous publics;127;Action; Adventure;
43;Piège de cristal;1988;Tous publics;132;Action; Thriller;
44;V pour vendetta;2005;Tous publics avec avertissement;132;Action; Drama; Sci-Fi
45;Warrior;2011;Tous publics;140;Action; Drama; Sport
46;Demon Slayer - Kimetsu no Yaiba, le film : Le Train de l'Infini;2020;Tous publics avec avertissement;117;Animation; Action; Adventure
47;Ran;1985;Tous publics;162;Action; Drama; War
48;Le garde du corps;1961;Tous publics;110;Action; Drama; Thriller
49;Gangs of Wasseypur;2012;Tous publics avec avertissement;321;Action; Comedy; Crime
50;Le Seigneur des anneaux : Le Retour du roi;2003;Tous publics avec avertissement;201;Action; Adventure; Drama
51;Inception;2010;Tous publics;148;Action; Adventure; Sci-Fi
53;Le Bon, la brute, le truand;1966;12;161;Adventure; Western;
54;Le Seigneur des anneaux : Les Deux Tours;2002;Tous publics avec avertissement;179;Action; Adventure; Drama
55;777 Charlie;2022;;164;Adventure; Comedy; Drama
56;L'Empire contre-attaque;1980;Tous publics;124;Action; Adventure; Fantasy
57;Interstellar;2014;Tous publics;169;Adventure; Drama; Sci-Fi
58;Star Wars: Épisode IV - Un nouvel espoir;1977;Tous publics;121;Action; Adventure; Fantasy
59;Le voyage de Chihiro;2001;Tous publics;125;Animation; Adventure; Family
60;Gladiator;2000;Tous publics avec avertissement;155;Action; Adventure; Drama
61;Retour vers le futur;1985;Tous publics;116;Adventure; Comedy; Sci-Fi
62;Le Roi Lion;1994;Tous publics;88;Animation; Adventure; Drama
63;Avengers: Endgame;2019;Tous publics;181;Action; Adventure; Drama
64;Spider-Man: New Generation;2018;Tous publics;117;Animation; Action; Adventure
65;Avengers: Infinity War;2018;Tous publics;149;Action; Adventure; Sci-Fi
66;Les Aventuriers de l'arche perdue;1981;Tous publics;115;Action; Adventure;
67;Aliens : Le Retour;1986;13;137;Action; Adventure; Sci-Fi
68;Coco;2017;Tous publics;105;Animation; Adventure; Comedy
69;WALL·E;2008;Tous publics;98;Animation; Adventure; Family
70;Kaithi;2019;18;145;Action; Adventure; Crime
71;Les Gardiens de la Galaxie 3;2023;Tous publics;150;Action; Adventure; Comedy
72;Inglourious Basterds;2009;12;153;Adventure; Drama; War
73;Le Retour du Jedi;1983;Tous publics;131;Action; Adventure; Fantasy
74;2001 : L'Odyssée de l'espace;1968;Tous publics;149;Adventure; Sci-Fi;
75;Toy Story;1995;Tous publics;81;Animation; Adventure; Comedy
76;Là-haut;2009;Tous publics;96;Animation; Adventure; Comedy
77;Lawrence d'Arabie;1962;Tous publics;218;Adventure; Biography; Drama
78;Princesse Mononoké;1997;Tous publics;134;Animation; Action; Adventure
79;Toy Story 3;2010;Tous publics;103;Animation; Adventure; Comedy
80;La mort aux trousses;1959;Tous publics;136;Action; Adventure; Mystery
81;Kantara;2022;;148;Action; Adventure; Drama
82;Spider-Man: No Way Home;2021;Tous publics;148;Action; Adventure; Fantasy
83;Jurassic Park;1993;Tous publics;127;Action; Adventure; Sci-Fi
84;Le château ambulant;2004;Tous publics;119;Animation; Adventure; Family
85;Le Monde de Nemo;2003;Tous publics;100;Animation; Adventure; Comedy
86;Indiana Jones et la dernière croisade;1989;Tous publics;127;Action; Adventure;
87;Monty Python : Sacré Graal !;1975;Tous publics;91;Adventure; Comedy; Fantasy
88;Demon Slayer - Kimetsu no Yaiba, le film : Le Train de l'Infini;2020;Tous publics avec avertissement;117;Animation; Action; Adventure
89;Le Trésor de la Sierra Madre;1948;Tous publics;126;Adventure; Drama; Western
90;La Grande Évasion;1963;Tous publics;172;Adventure; Drama; History
91;La légende de Klaus;2019;7;96;Animation; Adventure; Comedy
92;Le salaire de la peur;1953;Tous publics;156;Adventure; Drama; Thriller
93;Dersou Ouzala;1975;Tous publics;142;Adventure; Biography; Drama
94;The Grand Budapest hotel;2014;Tous publics;99;Adventure; Comedy; Crime
95;Mad Max: Fury Road;2015;Tous publics avec avertissement;120;Action; Adventure; Sci-Fi
96;Pirates des Caraïbes : La malédiction du Black Pearl;2003;Tous publics;143;Action; Adventure; Fantasy
97;Les Dents de la mer;1975;13;124;Adventure; Mystery; Thriller
98;Stand by Me : Compte sur moi;1986;Tous publics;89;Adventure; Drama;
99;Ratatouille;2007;Tous publics;111;Animation; Adventure; Comedy
100;Le voyage de Chihiro;2001;Tous publics;125;Animation; Adventure; Family
101;Le Roi Lion;1994;Tous publics;88;Animation; Adventure; Drama
102;Le tombeau des lucioles;1988;Tous publics;89;Animation; Drama; War
103;Spider-Man: New Generation;2018;Tous publics;117;Animation; Action; Adventure
104;Your Name.;2016;Tous publics;106;Animation; Drama; Fantasy
105;Coco;2017;Tous publics;105;Animation; Adventure; Comedy
106;WALL·E;2008;Tous publics;98;Animation; Adventure; Family
107;Toy Story;1995;Tous publics;81;Animation; Adventure; Comedy
108;Là-haut;2009;Tous publics;96;Animation; Adventure; Comedy
109;Princesse Mononoké;1997;Tous publics;134;Animation; Action; Adventure
110;Toy Story 3;2010;Tous publics;103;Animation; Adventure; Comedy
111;Le château ambulant;2004;Tous publics;119;Animation; Adventure; Family
112;Le Monde de Nemo;2003;Tous publics;100;Animation; Adventure; Comedy
113;Demon Slayer - Kimetsu no Yaiba, le film : Le Train de l'Infini;2020;Tous publics avec avertissement;117;Animation; Action; Adventure
114;La légende de Klaus;2019;7;96;Animation; Adventure; Comedy
115;Ratatouille;2007;Tous publics;111;Animation; Adventure; Comedy
116;Vice-versa;2015;Tous publics;95;Animation; Adventure; Comedy
117;Monstres & Cie;2001;Tous publics;92;Animation; Adventure; Comedy
118;Dragons;2010;Tous publics;98;Animation; Action; Adventure
119;Mon voisin Totoro;1988;Tous publics;86;Animation; Comedy; Family
120;Le géant de fer;1999;Tous publics;86;Animation; Action; Adventure
121;Silent Voice;2016;Tous publics avec avertissement;130;Animation; Drama;
122;Neon Genesis Evangelion: The End of Evangelion;1997;12;87;Animation; Action; Drama
123;Mary et Max.;2009;Tous publics;92;Animation; Comedy; Drama
124;Les enfants loups, Ame & Yuki;2012;Tous publics;117;Animation; Drama; Family
125;Les Indestructibles;2004;Tous publics;115;Animation; Action; Adventure
126;Zootopie;2016;Tous publics;108;Animation; Adventure; Comedy
127;Aladdin;1992;Tous publics;90;Animation; Adventure; Comedy
128;Soul;2020;6;100;Animation; Adventure; Comedy
129;Perfect Blue;1997;12;81;Animation; Crime; Drama
130;La Belle et la Bête;1991;Tous publics;84;Animation; Family; Fantasy
131;Akira;1988;12;124;Animation; Action; Drama
132;Le peuple loup;2020;Tous publics;103;Animation; Action; Adventure
133;Le Château dans le ciel;1986;Tous publics;125;Animation; Adventure; Family
134;Nausicaä de la vallée du vent;1984;Tous publics;117;Animation; Adventure; Sci-Fi
135;Le chant de la mer;2014;Tous publics;93;Animation; Adventure; Drama
136;Le conte de la princesse Kaguya;2013;Tous publics;137;Animation; Drama; Family
137;Persepolis;2007;Tous publics;96;Animation; Biography; Drama
138;Le Chat potté 2 : La Dernière Quête;2022;Tous publics;102;Animation; Adventure; Comedy
139;Fantastic Mr. Fox;2009;Tous publics;87;Animation; Adventure; Comedy
140;Shrek;2001;Tous publics;90;Animation; Adventure; Comedy
141;Toy Story 2;1999;Tous publics;92;Animation; Adventure; Comedy
142;Ghost in the Shell;1995;Tous publics;83;Animation; Action; Crime
143;L'étrange Noël de monsieur Jack;1993;Tous publics;76;Animation; Family; Fantasy
144;Si tu tends l'oreille;1995;Tous publics;111;Animation; Drama; Family
145;Les Nouveaux Héros;2014;Tous publics;102;Animation; Action; Adventure
146;L'Île aux chiens;2018;Tous publics;101;Animation; Adventure; Comedy
147;Dragons 2;2014;Tous publics;102;Animation; Action; Adventure
148;Kiki la petite sorcière;1989;Tous publics;103;Animation; Family; Fantasy
149;La passion Van Gogh;2017;Tous publics;94;Animation; Drama; Mystery
150;La liste de Schindler;1993;Tous publics;195;Biography; Drama; History
151;Rocketry: The Nambi Effect;2022;;157;Biography; Drama;
152;Les affranchis;1990;16;145;Biography; Crime; Drama
153;Le pianiste;2002;Tous publics;150;Biography; Drama; Music
154;Intouchables;2011;Tous publics;112;Biography; Comedy; Drama
155;Braveheart;1995;Tous publics;178;Biography; Drama; History
156;Amadeus;1984;Tous publics;160;Biography; Drama; Music
157;Sardar Udham;2021;16;164;Biography; Crime; Drama
158;Hamilton;2020;12;160;Biography; Drama; History
159;Lawrence d'Arabie;1962;Tous publics;218;Adventure; Biography; Drama
160;Dangal;2016;Tous publics;161;Action; Biography; Drama
161;Ayla;2017;;125;Biography; Drama; History
162;Shershaah;2021;13;135;Action; Biography; Drama
163;Le loup de Wall Street;2013;12;180;Biography; Comedy; Crime
164;Un homme d'exception;2001;Tous publics;135;Biography; Drama;
165;Green Book: Sur les routes du sud;2018;Tous publics;130;Biography; Comedy; Drama
166;La chute;2004;Tous publics avec avertissement;156;Biography; Drama; History
167;Elephant Man;1980;Tous publics;124;Biography; Drama;
168;La passion de Jeanne d'Arc;1928;Not Rated;110;Biography; Drama; History
169;Dersou Ouzala;1975;Tous publics;142;Adventure; Biography; Drama
170;Bhaag Milkha Bhaag;2013;;186;Biography; Drama; Sport
171;Paan Singh Tomar;2012;;135;Action; Biography; Crime
172;Tu ne tueras point;2016;12;139;Biography; Drama; History
173;Le Mans '66;2019;Tous publics;152;Action; Biography; Drama
174;Arrête-moi si tu peux;2002;Tous publics;141;Biography; Crime; Drama
175;Spotlight;2015;Tous publics;129;Biography; Crime; Drama
176;Into the Wild;2007;Tous publics;148;Adventure; Biography; Drama
177;Procès de singe;1960;Tous publics;128;Biography; Drama; History
178;Rush;2013;Tous publics;123;Action; Biography; Drama
179;La mélodie du bonheur;1965;Tous publics;172;Biography; Drama; Family
180;Raging Bull;1980;12;129;Biography; Drama; Sport
181;12 Years a Slave;2013;Tous publics avec avertissement;134;Biography; Drama; History
182;Hatchi;2009;Tous publics;93;Biography; Drama; Family
183;Hôtel Rwanda;2004;Tous publics;121;Biography; Drama; History
184;Au nom du père;1993;Tous publics;133;Biography; Crime; Drama
185;Le message;1976;Tous publics;177;Biography; Drama; History
186;Andreï Roublev;1966;;205;Biography; Drama; History
187;Major;2022;;150;Action; Biography; Drama
188;Le discours d'un roi;2010;Tous publics;118;Biography; Drama; History
189;Imitation Game;2014;Tous publics;114;Biography; Drama; Thriller
190;À la recherche du bonheur;2006;Tous publics;117;Biography; Drama;
191;Un après-midi de chien;1975;Tous publics;125;Biography; Crime; Drama
192;Lion;2016;Tous publics;118;Biography; Drama;
193;Butch Cassidy et le Kid;1969;Tous publics;110;Biography; Crime; Drama
194;Papillon;1973;Tous publics;151;Biography; Crime; Drama
195;Ip man;2008;12;106;Action; Biography; Drama
196;De l'ombre à la lumière;2005;Tous publics;144;Biography; Drama; Romance
197;Gandhi;1982;Tous publics;191;Biography; Drama; History
198;Une histoire vraie;1999;Tous publics;112;Biography; Drama;
199;Le miroir;1975;Tous publics;107;Biography; Drama;
200;Hababam Sinifi;1975;;87;Comedy; Drama;
201;777 Charlie;2022;;164;Adventure; Comedy; Drama
202;La vie est belle;1997;Tous publics;116;Comedy; Drama; Romance
203;Retour vers le futur;1985;Tous publics;116;Adventure; Comedy; Sci-Fi
204;Intouchables;2011;Tous publics;112;Biography; Comedy; Drama
205;Les temps modernes;1936;Tous publics;87;Comedy; Drama; Romance
206;Les lumières de la ville;1931;Tous publics;87;Comedy; Drama; Romance
207;Spider-Man: New Generation;2018;Tous publics;117;Animation; Action; Adventure
208;Coco;2017;Tous publics;105;Animation; Adventure; Comedy
209;Dr. Folamour ou : Comment j'ai appris à ne plus m'en faire et à aimer la bombe !;1964;Tous publics;95;Comedy; War;
210;3 Idiots;2009;Tous publics;170;Comedy; Drama;
211;Le dictateur;1940;Tous publics;125;Comedy; Drama; War
212;Dil Bechara;2020;;101;Comedy; Drama; Romance
213;Les Gardiens de la Galaxie 3;2023;Tous publics;150;Action; Adventure; Comedy
214;Toy Story;1995;Tous publics;81;Animation; Adventure; Comedy
215;Chantons sous la pluie;1952;Tous publics;103;Comedy; Musical; Romance
216;Là-haut;2009;Tous publics;96;Animation; Adventure; Comedy
217;Le fabuleux destin d'Amélie Poulain;2001;Tous publics;122;Comedy; Romance;
218;Toy Story 3;2010;Tous publics;103;Animation; Adventure; Comedy
219;L'Arnaque;1973;Tous publics;129;Comedy; Crime; Drama
220;La garçonnière;1960;Tous publics;125;Comedy; Drama; Romance
221;Le Kid;1921;Tous publics;68;Comedy; Drama; Family
222;Chhichhore;2019;;143;Comedy; Drama; Romance
223;Le loup de Wall Street;2013;12;180;Biography; Comedy; Crime
224;Snatch - Tu braques ou tu raques;2000;Tous publics;104;Comedy; Crime;
225;Green Book: Sur les routes du sud;2018;Tous publics;130;Biography; Comedy; Drama
226;The Truman Show;1998;Tous publics;103;Comedy; Drama;
227;Le Monde de Nemo;2003;Tous publics;100;Animation; Adventure; Comedy
228;Monty Python : Sacré Graal !;1975;Tous publics;91;Adventure; Comedy; Fantasy
229;Certains l'aiment chaud;1959;12;121;Comedy; Music; Romance
230;La légende de Klaus;2019;7;96;Animation; Adventure; Comedy
231;On ne vit qu'une seule fois;2011;;155;Comedy; Drama; Musical
232;Jeu dangereux;1942;Tous publics;99;Comedy; Romance; War
233;Gangs of Wasseypur;2012;Tous publics avec avertissement;321;Action; Comedy; Crime
234;Sherlock Junior;1924;Tous publics;45;Action; Comedy; Romance
235;The Grand Budapest hotel;2014;Tous publics;99;Adventure; Comedy; Crime
236;The Big Lebowski;1998;Tous publics;117;Comedy; Crime;
237;Ratatouille;2007;Tous publics;111;Animation; Adventure; Comedy
238;Le Cercle des poètes disparus;1989;Tous publics;128;Comedy; Drama;
239;3 Billboards: Les panneaux de la vengeance;2017;Tous publics;115;Comedy; Crime; Drama
240;Vice-versa;2015;Tous publics;95;Animation; Adventure; Comedy
241;Monstres & Cie;2001;Tous publics;92;Animation; Adventure; Comedy
242;Arnaques, crimes et botanique;1998;Tous publics;107;Action; Comedy; Crime
243;Dragons;2010;Tous publics;98;Animation; Action; Adventure
244;Les Nouveaux Sauvages;2014;Tous publics avec avertissement;122;Comedy; Drama; Thriller
245;Mon voisin Totoro;1988;Tous publics;86;Animation; Comedy; Family
246;Le géant de fer;1999;Tous publics;86;Animation; Action; Adventure
247;La barbe à papa;1973;Tous publics;102;Comedy; Crime; Drama
248;P.K.;2014;13;153;Comedy; Drama; Sci-Fi
249;Mary et Max.;2009;Tous publics;92;Animation; Comedy; Drama
250;Le Parrain;1972;12;175;Crime; Drama;
251;The Dark Knight : Le Chevalier noir;2008;Tous publics;152;Action; Crime; Drama
252;Le Parrain, 2ᵉ partie;1974;13;202;Crime; Drama;
253;12 Hommes en colère;1957;Tous publics;96;Crime; Drama;
254;Aynabaji;2016;;147;Crime; Mystery; Thriller
255;Pulp Fiction;1994;12;154;Crime; Drama;
256;Jai Bhim;2021;;164;Crime; Drama; Mystery
257;Les affranchis;1990;16;145;Biography; Crime; Drama
258;La ligne verte;1999;12;189;Crime; Drama; Fantasy
259;Seven;1995;12;127;Crime; Drama; Mystery
260;Le Silence des agneaux;1991;16;118;Crime; Drama; Thriller
261;La cité de Dieu;2002;16;130;Crime; Drama;
262;Léon;1994;12;110;Action; Crime; Drama
263;Les infiltrés;2006;Tous publics avec avertissement;151;Crime; Drama; Thriller
264;Usual Suspects;1995;Tous publics;106;Crime; Drama; Mystery
265;American History X;1998;12;119;Crime; Drama;
266;Joker;2019;12 avec avertissement;122;Crime; Drama; Thriller
267;Témoin à charge;1957;Tous publics;116;Crime; Drama; Mystery
268;Kaithi;2019;18;145;Action; Adventure; Crime
269;Entre le ciel et l'enfer;1963;Tous publics;143;Crime; Drama; Mystery
270;Sardar Udham;2021;16;164;Biography; Crime; Drama
271;Drishyam 2;2021;13;152;Crime; Drama; Thriller
272;Heat;1995;Tous publics avec avertissement;170;Action; Crime; Drama
273;Scarface;1983;13;170;Crime; Drama;
274;Orange mécanique;1971;18;136;Crime; Sci-Fi;
275;Reservoir Dogs;1992;16;99;Crime; Thriller;
276;Il était une fois en Amérique;1984;Tous publics;229;Crime; Drama;
277;Du silence et des ombres...;1962;12;129;Crime; Drama;
278;L'Arnaque;1973;Tous publics;129;Comedy; Crime; Drama
279;M le maudit;1931;Tous publics;118;Crime; Mystery; Thriller
280;Assurance sur la mort;1944;Tous publics;107;Crime; Drama; Film-Noir
281;K.G.F: Chapter 2;2022;13;168;Action; Crime; Drama
282;Vikram;2022;;175;Action; Crime; Thriller
283;Ratsasan;2018;;170;Action; Crime; Drama
284;Drishyam;2013;;160;Crime; Drama; Thriller
285;John Wick: Chapitre 4;2023;12;169;Action; Crime; Thriller
286;Le loup de Wall Street;2013;12;180;Biography; Comedy; Crime
287;Taxi Driver;1976;16;114;Crime; Drama;
288;No Country for Old Men;2007;12;122;Crime; Drama; Thriller
289;Snatch - Tu braques ou tu raques;2000;Tous publics;104;Comedy; Crime;
290;Casino;1995;12;178;Crime; Drama;
291;Kill Bill: Volume I;2003;16;111;Action; Crime; Drama
292;Batman Begins;2005;Tous publics;140;Action; Crime; Drama
293;L.A. Confidential;1997;Tous publics;138;Crime; Drama; Mystery
294;Drishyam 2;2022;13;140;Crime; Drama; Mystery
295;Rashomon;1950;Tous publics;88;Crime; Drama; Mystery
296;Le crime était presque parfait;1954;Tous publics;105;Crime; Thriller;
297;Z;1969;Tous publics;127;Crime; Drama; Thriller
298;Drishyam;2015;18;163;Crime; Drama; Mystery
299;Andhadhun;2018;;139;Crime; Mystery; Thriller
300;Les Évadés;1994;Tous publics avec avertissement;142;Drama;;
301;Le Parrain;1972;12;175;Crime; Drama;
302;Hababam Sinifi;1975;;87;Comedy; Drama;
303;The Dark Knight : Le Chevalier noir;2008;Tous publics;152;Action; Crime; Drama
304;La liste de Schindler;1993;Tous publics;195;Biography; Drama; History
305;Le Parrain, 2ᵉ partie;1974;13;202;Crime; Drama;
306;12 Hommes en colère;1957;Tous publics;96;Crime; Drama;
307;Le Seigneur des anneaux : Le Retour du roi;2003;Tous publics avec avertissement;201;Action; Adventure; Drama
308;Pulp Fiction;1994;12;154;Crime; Drama;
309;Le Seigneur des anneaux : La Communauté de l'anneau;2001;Tous publics;178;Action; Adventure; Drama
310;Fight Club;1999;16;139;Drama;;
311;Forrest Gump;1994;Tous publics;142;Drama; Romance;
312;Le Seigneur des anneaux : Les Deux Tours;2002;Tous publics avec avertissement;179;Action; Adventure; Drama
313;Jai Bhim;2021;;164;Crime; Drama; Mystery
314;777 Charlie;2022;;164;Adventure; Comedy; Drama
315;Rocketry: The Nambi Effect;2022;;157;Biography; Drama;
316;Les affranchis;1990;16;145;Biography; Crime; Drama
317;Vol au-dessus d'un nid de coucou;1975;Tous publics avec avertissement;133;Drama;;
318;The Kashmir Files;2022;;170;Drama;;
319;Soorarai Pottru;2020;18;153;Action; Drama;
320;Interstellar;2014;Tous publics;169;Adventure; Drama; Sci-Fi
321;La ligne verte;1999;12;189;Crime; Drama; Fantasy
322;Seven;1995;12;127;Crime; Drama; Mystery
323;Le Silence des agneaux;1991;16;118;Crime; Drama; Thriller
324;Il faut sauver le soldat Ryan;1998;Tous publics avec avertissement;169;Drama; War;
325;La cité de Dieu;2002;16;130;Crime; Drama;
326;La vie est belle;1997;Tous publics;116;Comedy; Drama; Romance
327;Les 7 Samouraïs;1954;Tous publics;207;Action; Drama;
328;La vie est belle;1946;Tous publics;130;Drama; Family; Fantasy
329;Harakiri;1962;Tous publics;133;Action; Drama; Mystery
330;Sita Ramam;2022;;163;Action; Drama; Mystery
331;Léon;1994;12;110;Action; Crime; Drama
332;Parasite;2019;Tous publics avec avertissement;132;Drama; Thriller;
333;Les infiltrés;2006;Tous publics avec avertissement;151;Crime; Drama; Thriller
334;Gladiator;2000;Tous publics avec avertissement;155;Action; Adventure; Drama
335;Whiplash;2014;Tous publics;106;Drama; Music;
336;Le Prestige;2006;Tous publics;130;Drama; Mystery; Sci-Fi
337;Le Roi Lion;1994;Tous publics;88;Animation; Adventure; Drama
338;Usual Suspects;1995;Tous publics;106;Crime; Drama; Mystery
339;Le pianiste;2002;Tous publics;150;Biography; Drama; Music
340;American History X;1998;12;119;Crime; Drama;
341;Intouchables;2011;Tous publics;112;Biography; Comedy; Drama
342;Casablanca;1942;Tous publics;102;Drama; Romance; War
343;Le tombeau des lucioles;1988;Tous publics;89;Animation; Drama; War
344;Cinéma Paradiso;1988;Tous publics;155;Drama; Romance;
345;Les temps modernes;1936;Tous publics;87;Comedy; Drama; Romance
346;Les lumières de la ville;1931;Tous publics;87;Comedy; Drama; Romance
347;96;2018;Tous publics;158;Drama; Romance;
348;Avengers: Endgame;2019;Tous publics;181;Action; Adventure; Drama
349;Joker;2019;12 avec avertissement;122;Crime; Drama; Thriller
350;Le voyage de Chihiro;2001;Tous publics;125;Animation; Adventure; Family
351;La vie est belle;1946;Tous publics;130;Drama; Family; Fantasy
352;Le Roi Lion;1994;Tous publics;88;Animation; Adventure; Drama
353;Spider-Man: New Generation;2018;Tous publics;117;Animation; Action; Adventure
354;Coco;2017;Tous publics;105;Animation; Adventure; Comedy
355;WALL·E;2008;Tous publics;98;Animation; Adventure; Family
356;Toy Story;1995;Tous publics;81;Animation; Adventure; Comedy
357;Là-haut;2009;Tous publics;96;Animation; Adventure; Comedy
358;Toy Story 3;2010;Tous publics;103;Animation; Adventure; Comedy
359;Taare Zameen Par;2007;PG;165;Drama; Family;
360;Le Kid;1921;Tous publics;68;Comedy; Drama; Family
361;Le château ambulant;2004;Tous publics;119;Animation; Adventure; Family
362;Le Monde de Nemo;2003;Tous publics;100;Animation; Adventure; Comedy
363;La légende de Klaus;2019;7;96;Animation; Adventure; Comedy
364;Les enfants du ciel;1997;Tous publics;89;Drama; Family; Sport
365;Mon père et mon fils;2005;Tous publics;112;Drama; Family;
366;Ratatouille;2007;Tous publics;111;Animation; Adventure; Comedy
367;Harry Potter et les Reliques de la Mort : partie 2;2011;Tous publics;130;Adventure; Family; Fantasy
368;Le magicien d'Oz;1939;Tous publics;102;Adventure; Family; Fantasy
369;Vice-versa;2015;Tous publics;95;Animation; Adventure; Comedy
370;Monstres & Cie;2001;Tous publics;92;Animation; Adventure; Comedy
371;Dragons;2010;Tous publics;98;Animation; Action; Adventure
372;La mélodie du bonheur;1965;Tous publics;172;Biography; Drama; Family
373;Hatchi;2009;Tous publics;93;Biography; Drama; Family
374;Mon voisin Totoro;1988;Tous publics;86;Animation; Comedy; Family
375;Le géant de fer;1999;Tous publics;86;Animation; Action; Adventure
376;Les enfants loups, Ame & Yuki;2012;Tous publics;117;Animation; Drama; Family
377;Chak De! India;2007;;153;Drama; Family; Sport
378;Le cirque;1928;Tous publics;72;Comedy; Family; Romance
379;Princess Bride;1987;Tous publics;98;Adventure; Comedy; Family
380;Les Indestructibles;2004;Tous publics;115;Animation; Action; Adventure
381;Zootopie;2016;Tous publics;108;Animation; Adventure; Comedy
382;Aladdin;1992;Tous publics;90;Animation; Adventure; Comedy
383;Soul;2020;6;100;Animation; Adventure; Comedy
384;La Belle et la Bête;1991;Tous publics;84;Animation; Family; Fantasy
385;Le peuple loup;2020;Tous publics;103;Animation; Action; Adventure
386;Un violon sur le toit;1971;Tous publics;181;Drama; Family; Musical
387;Le Château dans le ciel;1986;Tous publics;125;Animation; Adventure; Family
388;Le chant de la mer;2014;Tous publics;93;Animation; Adventure; Drama
389;Le conte de la princesse Kaguya;2013;Tous publics;137;Animation; Drama; Family
390;Le Chat potté 2 : La Dernière Quête;2022;Tous publics;102;Animation; Adventure; Comedy
391;Wonder;2017;Tous publics;113;Drama; Family;
392;Harry Potter et le Prisonnier d'Azkaban;2004;Tous publics;142;Adventure; Family; Fantasy
393;Fantastic Mr. Fox;2009;Tous publics;87;Animation; Adventure; Comedy
394;Shrek;2001;Tous publics;90;Animation; Adventure; Comedy
395;E.T. l'extra-terrestre;1982;Tous publics;115;Adventure; Family; Sci-Fi
396;Les dix commandements;1956;Tous publics;220;Adventure; Drama; Family
397;Toy Story 2;1999;Tous publics;92;Animation; Adventure; Comedy
398;L'étrange Noël de monsieur Jack;1993;Tous publics;76;Animation; Family; Fantasy
399;Togo;2019;Tous publics;113;Adventure; Biography; Drama
400;Le Seigneur des anneaux : Le Retour du roi;2003;Tous publics avec avertissement;201;Action; Adventure; Drama
401;Le Seigneur des anneaux : La Communauté de l'anneau;2001;Tous publics;178;Action; Adventure; Drama
402;Le Seigneur des anneaux : Les Deux Tours;2002;Tous publics avec avertissement;179;Action; Adventure; Drama
403;L'Empire contre-attaque;1980;Tous publics;124;Action; Adventure; Fantasy
404;La ligne verte;1999;12;189;Crime; Drama; Fantasy
405;Star Wars: Épisode IV - Un nouvel espoir;1977;Tous publics;121;Action; Adventure; Fantasy
406;Le voyage de Chihiro;2001;Tous publics;125;Animation; Adventure; Family
407;La vie est belle;1946;Tous publics;130;Drama; Family; Fantasy
408;Spider-Man: New Generation;2018;Tous publics;117;Animation; Action; Adventure
409;Your Name.;2016;Tous publics;106;Animation; Drama; Fantasy
410;Coco;2017;Tous publics;105;Animation; Adventure; Comedy
411;Le Retour du Jedi;1983;Tous publics;131;Action; Adventure; Fantasy
412;Toy Story;1995;Tous publics;81;Animation; Adventure; Comedy
413;Princesse Mononoké;1997;Tous publics;134;Animation; Action; Adventure
414;Toy Story 3;2010;Tous publics;103;Animation; Adventure; Comedy
415;Spider-Man: No Way Home;2021;Tous publics;148;Action; Adventure; Fantasy
416;Le château ambulant;2004;Tous publics;119;Animation; Adventure; Family
417;Le labyrinthe de Pan;2006;12;118;Drama; Fantasy; War
418;Monty Python : Sacré Graal !;1975;Tous publics;91;Adventure; Comedy; Fantasy
419;Demon Slayer - Kimetsu no Yaiba, le film : Le Train de l'Infini;2020;Tous publics avec avertissement;117;Animation; Action; Adventure
420;Tumbbad;2018;;104;Drama; Fantasy; Horror
421;La légende de Klaus;2019;7;96;Animation; Adventure; Comedy
422;Pirates des Caraïbes : La malédiction du Black Pearl;2003;Tous publics;143;Action; Adventure; Fantasy
423;Ratatouille;2007;Tous publics;111;Animation; Adventure; Comedy
424;Harry Potter et les Reliques de la Mort : partie 2;2011;Tous publics;130;Adventure; Family; Fantasy
425;Le magicien d'Oz;1939;Tous publics;102;Adventure; Family; Fantasy
426;Vice-versa;2015;Tous publics;95;Animation; Adventure; Comedy
427;Monstres & Cie;2001;Tous publics;92;Animation; Adventure; Comedy
428;Dragons;2010;Tous publics;98;Animation; Action; Adventure
429;Mon voisin Totoro;1988;Tous publics;86;Animation; Comedy; Family
430;Le septième sceau;1957;Tous publics;96;Drama; Fantasy;
431;Underground;1995;;170;Comedy; Drama; Fantasy
432;Les enfants loups, Ame & Yuki;2012;Tous publics;117;Animation; Drama; Family
433;Le temps des gitans;1988;;142;Comedy; Crime; Drama
434;OMG: Oh My God!;2012;;125;Comedy; Drama; Fantasy
435;Princess Bride;1987;Tous publics;98;Adventure; Comedy; Family
436;Zack Snyder's Justice League;2021;12;242;Action; Adventure; Fantasy
437;Big Fish;2003;Tous publics;125;Adventure; Drama; Fantasy
438;Aladdin;1992;Tous publics;90;Animation; Adventure; Comedy
439;Soul;2020;6;100;Animation; Adventure; Comedy
440;La Belle et la Bête;1991;Tous publics;84;Animation; Family; Fantasy
441;Un jour sans fin;1993;Tous publics;101;Comedy; Drama; Fantasy
442;Akira;1988;12;124;Animation; Action; Drama
443;Le peuple loup;2020;Tous publics;103;Animation; Action; Adventure
444;Pink Floyd: The Wall;1982;12;95;Drama; Fantasy; Music
445;Le Château dans le ciel;1986;Tous publics;125;Animation; Adventure; Family
446;Les ailes du désir;1987;Tous publics;128;Drama; Fantasy; Romance
447;Le chant de la mer;2014;Tous publics;93;Animation; Adventure; Drama
448;Le conte de la princesse Kaguya;2013;Tous publics;137;Animation; Drama; Family
449;L'Ange exterminateur;1962;Tous publics;95;Drama; Fantasy;
450;Boulevard du Crépuscule;1950;Tous publics;110;Drama; Film-Noir;
451;Assurance sur la mort;1944;Tous publics;107;Crime; Drama; Film-Noir
452;Le troisième homme;1949;Tous publics;104;Film-Noir; Mystery; Thriller
453;Rebecca;1940;Tous publics;130;Drama; Film-Noir; Mystery
454;Le gouffre aux chimères;1951;Tous publics;111;Drama; Film-Noir;
455;L'enfer est à lui;1949;16;114;Action; Crime; Drama
456;Le faucon maltais;1941;Tous publics;100;Crime; Film-Noir; Mystery
457;La nuit du chasseur;1955;Tous publics;92;Crime; Drama; Film-Noir
458;La griffe du passé;1947;Tous publics;97;Crime; Drama; Film-Noir
459;La soif du mal;1958;Tous publics;95;Crime; Drama; Film-Noir
460;Le Grand Chantage;1957;Tous publics;96;Drama; Film-Noir;
461;Le roman de Mildred Pierce;1945;Tous publics;111;Crime; Drama; Film-Noir
462;L'ultime razzia;1956;Tous publics;84;Crime; Drama; Film-Noir
463;L'Inconnu du Nord-Express;1951;16;101;Crime; Drama; Film-Noir
464;Les enchaînés;1946;Tous publics;102;Drama; Film-Noir; Romance
465;Le grand sommeil;1946;Tous publics;114;Crime; Film-Noir; Mystery
466;Laura;1944;Tous publics;88;Drama; Film-Noir; Mystery
467;Le violent;1950;12;94;Drama; Film-Noir; Mystery
468;Le poison;1945;Tous publics;101;Drama; Film-Noir;
469;Règlement de comptes;1953;;89;Crime; Film-Noir; Thriller
470;Le port de l'angoisse;1944;Tous publics;100;Adventure; Comedy; Film-Noir
471;L'ombre d'un doute;1943;Tous publics;108;Film-Noir; Thriller;
472;Quand la ville dort;1950;16;112;Crime; Drama; Film-Noir
473;Key Largo;1948;;100;Action; Crime; Drama
474;Scarface;1932;Tous publics;93;Action; Crime; Drama
475;Gilda;1946;Tous publics;110;Drama; Film-Noir; Romance
476;La Maison du docteur Edwardes;1945;Tous publics;111;Film-Noir; Mystery; Romance
477;La dame de Shanghai;1947;;87;Crime; Drama; Film-Noir
478;Le faux coupable;1956;;105;Drama; Film-Noir;
479;Soupçons;1941;Tous publics;99;Film-Noir; Mystery; Thriller
480;Le criminel;1946;Tous publics;95;Crime; Drama; Film-Noir
481;La liste de Schindler;1993;Tous publics;195;Biography; Drama; History
482;Braveheart;1995;Tous publics;178;Biography; Drama; History
483;Sardar Udham;2021;16;164;Biography; Crime; Drama
484;Hamilton;2020;12;160;Biography; Drama; History
485;Ayla;2017;;125;Biography; Drama; History
486;La chute;2004;Tous publics avec avertissement;156;Biography; Drama; History
487;La Grande Évasion;1963;Tous publics;172;Adventure; Drama; History
488;La passion de Jeanne d'Arc;1928;Not Rated;110;Biography; Drama; History
489;Uri: The Surgical Strike;2019;;138;Action; Drama; History
490;Tu ne tueras point;2016;12;139;Biography; Drama; History
491;Procès de singe;1960;Tous publics;128;Biography; Drama; History
492;12 Years a Slave;2013;Tous publics avec avertissement;134;Biography; Drama; History
493;Hôtel Rwanda;2004;Tous publics;121;Biography; Drama; History
494;Le message;1976;Tous publics;177;Biography; Drama; History
495;Andreï Roublev;1966;;205;Biography; Drama; History
496;Le discours d'un roi;2010;Tous publics;118;Biography; Drama; History
497;JFK;1991;Tous publics;189;Drama; History; Thriller
498;Ip man;2008;12;106;Action; Biography; Drama
499;Gandhi;1982;Tous publics;191;Biography; Drama; History
500;Le Guépard;1963;Tous publics;186;Drama; History;
501;La Voix d'Aida;2020;Tous publics;101;Drama; History; War
502;Persepolis;2007;Tous publics;96;Animation; Biography; Drama
503;Spartacus;1960;Tous publics;197;Adventure; Biography; Drama
504;All the President's Men;1976;Tous publics;138;Drama; History; Thriller
505;Les dix commandements;1956;Tous publics;220;Adventure; Drama; Family
506;Togo;2019;Tous publics;113;Adventure; Biography; Drama
507;Lettres d'Iwo Jima;2006;Tous publics;141;Action; Adventure; Drama
508;Le lion en hiver;1968;Tous publics;134;Biography; Drama; History
509;A Taxi Driver;2017;12;137;Action; Drama; History
510;De sang-froid;1967;12;134;Biography; Crime; Drama
511;Kagemusha : L'Ombre du guerrier;1980;Tous publics;180;Drama; History; War
512;Le cuirassé Potemkine;1925;Tous publics;75;Drama; History; Thriller
513;Airlift;2016;Tous publics;130;Action; Drama; History
514;Tombstone;1993;Tous publics;130;Biography; Drama; History
515;Dunkerque;2017;Tous publics;106;Action; Drama; History
516;The Big Short: Le casse du siècle;2015;Tous publics;130;Biography; Comedy; Drama
517;Les Figures de l'ombre;2016;Tous publics;127;Biography; Drama; History
518;L'étoffe des héros;1983;Tous publics;193;Adventure; Biography; Drama
519;Glory;1989;Tous publics;122;Biography; Drama; History
520;N.W.A: Straight Outta Compton;2015;Tous publics avec avertissement;147;Biography; Drama; History
521;La déchirure;1984;12;141;Biography; Drama; History
522;L'échange;2008;Tous publics;141;Biography; Crime; Drama
523;Pride;2014;Tous publics;119;Biography; Comedy; Drama
524;Aguirre, la colère de Dieu;1972;Tous publics;95;Action; Adventure; Biography
525;Les oubliés;2015;Tous publics avec avertissement;100;Drama; History; War
526;The Kerala Story;2023;;138;Drama; History;
527;La chute du faucon noir;2001;12;144;Action; Drama; History
528;Apollo 13;1995;Tous publics;140;Adventure; Drama; History
529;Les Sept de Chicago;2020;16;129;Drama; History; Thriller
530;Malcolm X;1992;Tous publics;202;Biography; Drama; History
531;Alien - Le 8ème passager;1979;12;117;Horror; Sci-Fi;
532;Psychose;1960;18;109;Horror; Mystery; Thriller
533;Shining;1980;12;146;Drama; Horror;
534;The Thing;1982;13;109;Horror; Mystery; Sci-Fi
535;Tumbbad;2018;;104;Drama; Fantasy; Horror
536;L'Exorciste;1973;18;122;Horror;;
537;Les diaboliques;1955;Tous publics;117;Crime; Drama; Horror
538;Rosemary's Baby;1968;12;137;Drama; Horror;
539;Qu'est-il arrivé à Baby Jane?;1962;12;134;Drama; Horror; Thriller
540;Le cabinet du docteur Caligari;1920;Tous publics;78;Horror; Mystery; Thriller
541;The Blue Elephant;2014;;170;Drama; Horror; Mystery
542;Shaun of the Dead;2004;12;99;Comedy; Horror;
543;Morse;2008;12;114;Drama; Fantasy; Horror
544;Nosferatu le vampire;1922;Tous publics;94;Fantasy; Horror;
545;King Kong, la huitième merveille du monde;1933;Tous publics;100;Adventure; Horror; Sci-Fi
546;Predator;1987;12;107;Action; Adventure; Horror
547;J'ai rencontré le diable;2010;16 avec avertissement;144;Action; Crime; Drama
548;Zombie : Le Crépuscule des morts-vivants;1978;X;127;Horror; Thriller;
549;La Nuit des morts-vivants;1968;18;96;Horror; Thriller;
550;Freaks - La monstrueuse parade;1932;Tous publics;64;Drama; Horror;
551;Frankenstein;1931;Tous publics;70;Drama; Horror; Sci-Fi
552;Les Innocents;1961;12;100;Horror;;
553;La fiancée de Frankenstein;1935;Tous publics;75;Drama; Horror; Sci-Fi
554;Get Out;2017;12;104;Horror; Mystery; Thriller
555;Evil Dead 2;1987;13;84;Comedy; Horror;
556;La Nuit des masques;1978;16;91;Horror; Thriller;
557;L'invasion des profanateurs de sépultures;1956;Tous publics;80;Drama; Horror; Sci-Fi
558;American Psycho;2000;16;102;Crime; Drama; Horror
559;Saw;2004;16 avec avertissement;103;Horror; Mystery; Thriller
560;Dernier train pour Busan;2016;12;118;Action; Horror; Thriller
561;Bienvenue à Zombieland;2009;Tous publics;88;Action; Comedy; Horror
562;Les Oiseaux;1963;13;119;Drama; Horror; Mystery
563;La Mouche;1986;13;96;Drama; Horror; Sci-Fi
564;Les autres;2001;12;101;Horror; Mystery; Thriller
565;Vampires en toute intimité;2014;Tous publics;86;Comedy; Horror;
566;La piel que habito;2011;Tous publics;120;Drama; Horror; Mystery
567;Les yeux sans visage;1960;16;90;Drama; Horror;
568;Répulsion;1965;16;105;Drama; Horror; Thriller
569;Le voyeur;1960;Tous publics;101;Drama; Horror; Thriller
570;Ne coupez pas!;2017;Tous publics avec avertissement;96;Comedy; Drama; Horror
571;L'Homme invisible;1933;Tous publics;71;Horror; Sci-Fi;
572;Vampire Hunter D: Bloodlust;2000;Tous publics;103;Animation; Action; Drama
573;Conjuring: Les dossiers Warren;2013;12;112;Horror; Mystery; Thriller
574;The Wicker Man;1973;Tous publics avec avertissement;88;Horror; Mystery; Thriller
575;Sans un bruit;2018;12;90;Drama; Horror; Sci-Fi
576;The Crow;1994;16;102;Action; Crime; Drama
577;28 jours plus tard;2002;16;113;Drama; Horror; Sci-Fi
578;Entretien avec un vampire;1994;12;123;Drama; Fantasy; Horror
579;Le Loup-garou de Londres;1981;13;97;Comedy; Horror;
580;Braindead;1992;16;104;Comedy; Fantasy; Horror
581;Whiplash;2014;Tous publics;106;Drama; Music;
582;Le pianiste;2002;Tous publics;150;Biography; Drama; Music
583;Coco;2017;Tous publics;105;Animation; Adventure; Comedy
584;Amadeus;1984;Tous publics;160;Biography; Drama; Music
585;Green Book: Sur les routes du sud;2018;Tous publics;130;Biography; Comedy; Drama
586;Certains l'aiment chaud;1959;12;121;Comedy; Music; Romance
587;Les chaussons rouges;1948;Tous publics;135;Drama; Music; Romance
588;Adieu, ma concubine;1993;Tous publics;171;Drama; Music; Romance
589;Sonate d'automne;1978;Tous publics;99;Drama; Music;
590;CODA;2021;13;111;Comedy; Drama; Music
591;La La Land;2016;Tous publics;128;Comedy; Drama; Music
592;Soul;2020;6;100;Animation; Adventure; Comedy
593;Pink Floyd: The Wall;1982;12;95;Drama; Fantasy; Music
594;La légende du pianiste sur l'océan;1998;Tous publics;169;Drama; Music; Romance
595;Presque célèbre;2000;Tous publics;122;Adventure; Comedy; Drama
596;Bohemian Rhapsody;2018;Tous publics;134;Biography; Drama; Music
597;Spinal Tap;1984;Tous publics;82;Comedy; Music;
598;Les Blues Brothers;1980;Tous publics;133;Action; Adventure; Comedy
599;Sing Street;2016;Tous publics;106;Comedy; Drama; Music
600;Trois couleurs: Bleu;1993;Tous publics;94;Drama; Music; Mystery
601;Gully Boy;2019;;154;Drama; Music; Romance
602;Walk the Line;2005;Tous publics;136;Biography; Drama; Music
603;N.W.A: Straight Outta Compton;2015;Tous publics avec avertissement;147;Biography; Drama; History
604;Once;2007;Tous publics;86;Drama; Music; Romance
605;Cabaret;1972;Tous publics;124;Drama; Music; Musical
606;Que le spectacle commence...;1979;Tous publics;123;Drama; Music; Musical
607;Les choristes;2004;Tous publics;97;Comedy; Drama; Music
608;Une nuit à l'opéra;1935;Tous publics;96;Comedy; Music; Musical
609;Secret Superstar;2017;Tous publics;150;Drama; Music;
610;O' Brother;2000;Tous publics;107;Adventure; Comedy; Crime
611;Sound of Metal;2019;Tous publics;120;Drama; Music;
612;Ray;2004;Tous publics;152;Biography; Drama; Music
613;Billy Elliot;2000;Tous publics;110;Drama; Music;
614;Fantasia;1940;Tous publics;124;Animation; Family; Fantasy
615;Hedwig and the Angry Inch;2001;Tous publics;95;Comedy; Drama; Music
616;La double vie de Véronique;1991;R;98;Drama; Fantasy; Music
617;Alabama Monroe;2012;Tous publics;111;Drama; Music; Romance
618;Les triplettes de Belleville;2003;Tous publics;80;Animation; Adventure; Comedy
619;Rockstar;2011;;159;Drama; Music; Romance
620;Joyeux Noël;2005;Tous publics;116;Drama; History; Music
621;Baby Driver;2017;Tous publics avec avertissement;113;Action; Crime; Drama
622;A Star is Born;2018;Tous publics;136;Drama; Music; Romance
623;Les Commitments;1991;R;118;Comedy; Drama; Music
624;Nashville;1975;Tous publics;160;Comedy; Drama; Music
625;Control;2007;Tous publics;122;Biography; Drama; Music
626;La Môme;2007;Tous publics;140;Biography; Drama; Music
627;Shine;1996;Tous publics;105;Biography; Drama; Music
628;Le violon rouge;1998;Tous publics;140;Drama; Music; Mystery
629;Tár;2022;Tous publics;158;Drama; Music;
630;La Pianiste;2001;16;131;Drama; Music;
631;Le Roi Lion;1994;Tous publics;88;Animation; Adventure; Drama
632;Hamilton;2020;12;160;Biography; Drama; History
633;Chantons sous la pluie;1952;Tous publics;103;Comedy; Musical; Romance
634;On ne vit qu'une seule fois;2011;;155;Comedy; Drama; Musical
635;Swades: Nous, le peuple;2004;;210;Drama; Musical;
636;Le magicien d'Oz;1939;Tous publics;102;Adventure; Family; Fantasy
637;La mélodie du bonheur;1965;Tous publics;172;Biography; Drama; Family
638;Lagaan;2001;Tous publics;224;Drama; Musical; Sport
639;Sholay;1975;;204;Action; Adventure; Comedy
640;Anand;1971;;122;Drama; Musical;
641;La La Land;2016;Tous publics;128;Comedy; Drama; Music
642;Aladdin;1992;Tous publics;90;Animation; Adventure; Comedy
643;La Belle et la Bête;1991;Tous publics;84;Animation; Family; Fantasy
644;Un violon sur le toit;1971;Tous publics;181;Drama; Family; Musical
645;Les Blues Brothers;1980;Tous publics;133;Action; Adventure; Comedy
646;L'étrange Noël de monsieur Jack;1993;Tous publics;76;Animation; Family; Fantasy
647;Dancer in the Dark;2000;Tous publics;140;Crime; Drama; Musical
648;New York masala;2003;Tous publics;186;Comedy; Drama; Musical
649;Willy Wonka au pays enchanté;1971;Tous publics;100;Family; Fantasy; Musical
650;Mary Poppins;1964;Tous publics;139;Comedy; Family; Fantasy
651;My Fair Lady;1964;Tous publics;170;Drama; Family; Musical
652;Cabaret;1972;Tous publics;124;Drama; Music; Musical
653;Que le spectacle commence...;1979;Tous publics;123;Drama; Music; Musical
654;Les parapluies de Cherbourg;1964;Tous publics;91;Drama; Musical; Romance
655;Soupe au canard;1933;Tous publics;69;Comedy; Musical;
656;Une nuit à l'opéra;1935;Tous publics;96;Comedy; Music; Musical
657;Veer-Zaara;2004;7;192;Drama; Family; Musical
658;Raiponce;2010;Tous publics;100;Animation; Adventure; Comedy
659;South Park, le film - Plus long, plus grand et pas coupé;1999;12;81;Animation; Comedy; Fantasy
660;Fantasia;1940;Tous publics;124;Animation; Family; Fantasy
661;Hedwig and the Angry Inch;2001;Tous publics;95;Comedy; Drama; Music
662;Noël chez les Muppets;1992;Tous publics;85;Comedy; Drama; Family
663;La petite sirène;1989;Tous publics;83;Animation; Adventure; Family
664;Vaiana : La Légende du bout du monde;2016;Tous publics;107;Animation; Adventure; Comedy
665;Pinocchio;2022;7;117;Animation; Drama; Family
666;Moulin Rouge;2001;Tous publics;127;Drama; Musical; Romance
667;Mulan;1998;Tous publics;87;Animation; Adventure; Comedy
668;West Side Story;1961;Tous publics;153;Crime; Drama; Musical
669;Le Livre de la jungle;1967;Tous publics;78;Animation; Adventure; Comedy
670;Blanche-Neige et les sept nains;1937;Tous publics;83;Animation; Adventure; Family
671;Les Muppets : Ça c'est du cinéma !;1979;Tous publics;95;Adventure; Comedy; Family
672;Baazigar;1993;;175;Crime; Drama; Musical
673;The Greatest Showman;2017;Tous publics;105;Biography; Drama; Musical
674;Les Misérables;2012;Tous publics;158;Drama; Musical; Romance
675;tick, tick... Boom!;2021;13;120;Biography; Comedy; Drama
676;Robin des Bois;1973;Tous publics;83;Animation; Adventure; Comedy
677;Hair;1979;Tous publics;121;Comedy; Drama; Musical
678;Pinocchio;1940;Tous publics;88;Animation; Adventure; Comedy
679;Monty Python, le sens de la vie;1983;Tous publics;107;Comedy; Musical;
680;Les aventures de Winnie l'ourson;1977;Tous publics;74;Animation; Adventure; Comedy
681;Aynabaji;2016;;147;Crime; Mystery; Thriller
682;Jai Bhim;2021;;164;Crime; Drama; Mystery
683;La ligne verte;1999;12;189;Crime; Drama; Fantasy
684;Seven;1995;12;127;Crime; Drama; Mystery
685;Le voyage de Chihiro;2001;Tous publics;125;Animation; Adventure; Family
686;Harakiri;1962;Tous publics;133;Action; Drama; Mystery
687;Sita Ramam;2022;;163;Action; Drama; Mystery
688;Le Prestige;2006;Tous publics;130;Drama; Mystery; Sci-Fi
689;Usual Suspects;1995;Tous publics;106;Crime; Drama; Mystery
690;Psychose;1960;18;109;Horror; Mystery; Thriller
691;Fenêtre sur cour;1954;Tous publics;112;Mystery; Thriller;
692;Old Boy;2003;16;120;Action; Drama; Mystery
693;Apocalypse Now;1979;Tous publics avec avertissement;147;Drama; Mystery; War
694;Memento;2000;Tous publics;113;Mystery; Thriller;
695;Coco;2017;Tous publics;105;Animation; Adventure; Comedy
696;La vie des autres;2006;Tous publics;137;Drama; Mystery; Thriller
697;Témoin à charge;1957;Tous publics;116;Crime; Drama; Mystery
698;Entre le ciel et l'enfer;1963;Tous publics;143;Crime; Drama; Mystery
699;Incendies;2010;Tous publics avec avertissement;131;Drama; Mystery;
700;Sueurs froides;1958;Tous publics;128;Mystery; Romance; Thriller
701;Citizen Kane;1941;Tous publics;119;Drama; Mystery;
702;La mort aux trousses;1959;Tous publics;136;Action; Adventure; Mystery
703;M le maudit;1931;Tous publics;118;Crime; Mystery; Thriller
704;Assurance sur la mort;1944;Tous publics;107;Crime; Drama; Film-Noir
705;Ratsasan;2018;;170;Action; Crime; Drama
706;Shutter Island;2010;12;138;Mystery; Thriller;
707;The Father;2020;Tous publics;97;Drama; Mystery;
708;The Thing;1982;13;109;Horror; Mystery; Sci-Fi
709;Sixième sens;1999;12;107;Drama; Mystery; Thriller
710;Chinatown;1974;12;130;Drama; Mystery; Thriller
711;L.A. Confidential;1997;Tous publics;138;Crime; Drama; Mystery
712;Dans ses yeux;2009;Tous publics;129;Drama; Mystery; Romance
713;Drishyam 2;2022;13;140;Crime; Drama; Mystery
714;Rashomon;1950;Tous publics;88;Crime; Drama; Mystery
715;Drishyam;2015;18;163;Crime; Drama; Mystery
716;Andhadhun;2018;;139;Crime; Mystery; Thriller
717;Prisoners;2013;12;153;Crime; Drama; Mystery
718;Les Dents de la mer;1975;13;124;Adventure; Mystery; Thriller
719;Gone Girl;2014;Tous publics avec avertissement;149;Drama; Mystery; Thriller
720;Harry Potter et les Reliques de la Mort : partie 2;2011;Tous publics;130;Adventure; Family; Fantasy
721;Memories of Murder;2003;Tous publics;131;Crime; Drama; Mystery
722;Le troisième homme;1949;Tous publics;104;Film-Noir; Mystery; Thriller
723;Rebecca;1940;Tous publics;130;Drama; Film-Noir; Mystery
724;Trois couleurs: Rouge;1994;Tous publics;99;Drama; Mystery; Romance
725;Les diaboliques;1955;Tous publics;117;Crime; Drama; Horror
726;The Tashkent Files;2019;;134;Drama; Mystery; Thriller
727;A Wednesday;2008;;104;Action; Crime; Drama
728;Guilty;2015;;132;Crime; Drama; Mystery
729;Article 15;2019;;130;Crime; Drama; Mystery
730;Kahaani;2012;;122;Mystery; Thriller;
731;Forrest Gump;1994;Tous publics;142;Drama; Romance;
732;La vie est belle;1997;Tous publics;116;Comedy; Drama; Romance
733;La vie est belle;1946;Tous publics;130;Drama; Family; Fantasy
734;Sita Ramam;2022;;163;Action; Drama; Mystery
735;Casablanca;1942;Tous publics;102;Drama; Romance; War
736;Cinéma Paradiso;1988;Tous publics;155;Drama; Romance;
737;Les temps modernes;1936;Tous publics;87;Comedy; Drama; Romance
738;Les lumières de la ville;1931;Tous publics;87;Comedy; Drama; Romance
739;96;2018;Tous publics;158;Drama; Romance;
740;Your Name.;2016;Tous publics;106;Animation; Drama; Fantasy
741;Dil Bechara;2020;;101;Comedy; Drama; Romance
742;Will Hunting;1997;Tous publics;126;Drama; Romance;
743;Eternal Sunshine of the Spotlessd;2004;Tous publics;108;Drama; Romance; Sci-Fi
744;Chantons sous la pluie;1952;Tous publics;103;Comedy; Musical; Romance
745;Le fabuleux destin d'Amélie Poulain;2001;Tous publics;122;Comedy; Romance;
746;Sueurs froides;1958;Tous publics;128;Mystery; Romance; Thriller
747;La garçonnière;1960;Tous publics;125;Comedy; Drama; Romance
748;Chhichhore;2019;;143;Comedy; Drama; Romance
749;Autant en emporte le vent;1939;Tous publics;238;Drama; Romance; War
750;Certains l'aiment chaud;1959;12;121;Comedy; Music; Romance
751;Dans ses yeux;2009;Tous publics;129;Drama; Mystery; Romance
752;On ne vit qu'une seule fois;2011;;155;Comedy; Drama; Musical
753;Jeu dangereux;1942;Tous publics;99;Comedy; Romance; War
754;Sherlock Junior;1924;Tous publics;45;Action; Comedy; Romance
755;Mademoiselle;2016;12 avec avertissement;145;Drama; Romance; Thriller
756;Before Sunrise;1995;Tous publics;101;Drama; Romance;
757;La mélodie du bonheur;1965;Tous publics;172;Biography; Drama; Family
758;In the Mood for Love;2000;Tous publics;98;Drama; Romance;
759;Before Sunset;2004;Tous publics;80;Drama; Romance;
760;Rebecca;1940;Tous publics;130;Drama; Film-Noir; Mystery
761;Trois couleurs: Rouge;1994;Tous publics;99;Drama; Mystery; Romance
762;New York - Miami;1934;Tous publics;105;Comedy; Romance;
763;Les Plus Belles Années de notre vie;1946;Tous publics;170;Drama; Romance; War
764;Une femme sous influence;1974;Tous publics;155;Drama; Romance;
765;Les fraises sauvages;1957;Tous publics;91;Drama; Romance;
766;Les chaussons rouges;1948;Tous publics;135;Drama; Music; Romance
767;Adieu, ma concubine;1993;Tous publics;171;Drama; Music; Romance
768;Yi yi;2000;Tous publics;173;Drama; Romance;
769;Barfi!;2012;;151;Comedy; Drama; Romance
770;Dil Chahta Hai;2001;Tous publics;183;Comedy; Drama; Romance
771;La ruée vers l'or;1925;Tous publics;95;Adventure; Comedy; Drama
772;L'aurore;1927;Tous publics;94;Drama; Romance;
773;Épouses et concubines;1991;Tous publics;125;Drama; Romance;
774;Le cirque;1928;Tous publics;72;Comedy; Family; Romance
775;Princess Bride;1987;Tous publics;98;Adventure; Comedy; Family
776;Her;2013;Tous publics;126;Drama; Romance; Sci-Fi
777;La La Land;2016;Tous publics;128;Comedy; Drama; Music
778;Le lauréat;1967;Tous publics;106;Comedy; Drama; Romance
779;Big Fish;2003;Tous publics;125;Adventure; Drama; Fantasy
780;Aladdin;1992;Tous publics;90;Animation; Adventure; Comedy
781;Inception;2010;Tous publics;148;Action; Adventure; Sci-Fi
782;Matrix;1999;Tous publics avec avertissement;136;Action; Sci-Fi;
783;L'Empire contre-attaque;1980;Tous publics;124;Action; Adventure; Fantasy
784;Interstellar;2014;Tous publics;169;Adventure; Drama; Sci-Fi
785;Star Wars: Épisode IV - Un nouvel espoir;1977;Tous publics;121;Action; Adventure; Fantasy
786;Terminator 2 : Le jugement dernier;1991;12;137;Action; Sci-Fi;
787;Retour vers le futur;1985;Tous publics;116;Adventure; Comedy; Sci-Fi
788;Alien - Le 8ème passager;1979;12;117;Horror; Sci-Fi;
789;Le Prestige;2006;Tous publics;130;Drama; Mystery; Sci-Fi
790;Avengers: Endgame;2019;Tous publics;181;Action; Adventure; Drama
791;Spider-Man: New Generation;2018;Tous publics;117;Animation; Action; Adventure
792;Avengers: Infinity War;2018;Tous publics;149;Action; Adventure; Sci-Fi
793;Aliens : Le Retour;1986;13;137;Action; Adventure; Sci-Fi
794;WALL·E;2008;Tous publics;98;Animation; Adventure; Family
795;Les Gardiens de la Galaxie 3;2023;Tous publics;150;Action; Adventure; Comedy
796;Le Retour du Jedi;1983;Tous publics;131;Action; Adventure; Fantasy
797;Eternal Sunshine of the Spotlessd;2004;Tous publics;108;Drama; Romance; Sci-Fi
798;Orange mécanique;1971;18;136;Crime; Sci-Fi;
799;2001 : L'Odyssée de l'espace;1968;Tous publics;149;Adventure; Sci-Fi;
800;Metropolis;1927;Tous publics;153;Drama; Sci-Fi;
801;Spider-Man: No Way Home;2021;Tous publics;148;Action; Adventure; Fantasy
802;Jurassic Park;1993;Tous publics;127;Action; Adventure; Sci-Fi
803;The Thing;1982;13;109;Horror; Mystery; Sci-Fi
804;V pour vendetta;2005;Tous publics avec avertissement;132;Action; Drama; Sci-Fi
805;Mad Max: Fury Road;2015;Tous publics avec avertissement;120;Action; Adventure; Sci-Fi
806;Blade Runner;1982;Tous publics avec avertissement;117;Action; Drama; Sci-Fi
807;Terminator;1984;13;107;Action; Sci-Fi;
808;Logan;2017;12 avec avertissement;137;Action; Drama; Sci-Fi
809;Stalker;1979;Tous publics;162;Drama; Sci-Fi;
810;Le géant de fer;1999;Tous publics;86;Animation; Action; Adventure
811;Neon Genesis Evangelion: The End of Evangelion;1997;12;87;Animation; Action; Drama
812;P.K.;2014;13;153;Comedy; Drama; Sci-Fi
813;Les Gardiens de la Galaxie;2014;Tous publics;121;Action; Adventure; Comedy
814;Dune;2021;Tous publics;155;Action; Adventure; Drama
815;Blade Runner 2049;2017;Tous publics avec avertissement;164;Action; Drama; Mystery
816;Avengers;2012;Tous publics;143;Action; Sci-Fi;
817;Her;2013;Tous publics;126;Drama; Romance; Sci-Fi
818;Seul sur Mars;2015;Tous publics;144;Adventure; Drama; Sci-Fi
819;Zack Snyder's Justice League;2021;12;242;Action; Adventure; Fantasy
820;Donnie Darko;2001;Tous publics;113;Drama; Mystery; Sci-Fi
821;L'Armée des 12 singes;1995;Tous publics avec avertissement;129;Mystery; Sci-Fi; Thriller
822;La Planète des singes;1968;13;112;Adventure; Sci-Fi;
823;Akira;1988;12;124;Animation; Action; Drama
824;Nausicaä de la vallée du vent;1984;Tous publics;117;Animation; Adventure; Sci-Fi
825;Solaris;1972;Tous publics;167;Drama; Mystery; Sci-Fi
826;G.O.R.A.;2004;;127;Adventure; Comedy; Sci-Fi
827;Everything Everywhere All at Once;2022;Tous publics;139;Action; Adventure; Comedy
828;Avatar;2009;Tous publics;162;Action; Adventure; Fantasy
829;Iron Man;2008;Tous publics;126;Action; Adventure; Sci-Fi
830;Premier contact;2016;Tous publics;116;Drama; Mystery; Sci-Fi
831;Dangal;2016;Tous publics;161;Action; Biography; Drama
832;Warrior;2011;Tous publics;140;Action; Drama; Sport
833;Les enfants du ciel;1997;Tous publics;89;Drama; Family; Sport
834;Bhaag Milkha Bhaag;2013;;186;Biography; Drama; Sport
835;Paan Singh Tomar;2012;;135;Action; Biography; Crime
836;Le Mans '66;2019;Tous publics;152;Action; Biography; Drama
837;Rocky;1976;Tous publics;120;Drama; Sport;
838;Million Dollar Baby;2004;Tous publics;132;Drama; Sport;
839;Rush;2013;Tous publics;123;Action; Biography; Drama
840;Raging Bull;1980;12;129;Biography; Drama; Sport
841;Lagaan;2001;Tous publics;224;Drama; Musical; Sport
842;Chak De! India;2007;;153;Drama; Family; Sport
843;De l'ombre à la lumière;2005;Tous publics;144;Biography; Drama; Romance
844;L'Arnaqueur;1961;Tous publics;134;Drama; Sport;
845;The Wrestler;2008;Tous publics;109;Drama; Sport;
846;M.S. Dhoni: The Untold Story;2016;;184;Biography; Drama; Sport
847;Le plus beau des combats;2000;Tous publics;113;Biography; Drama; Sport
848;Le gang des champions;1993;Tous publics;101;Comedy; Drama; Family
849;Fighter;2010;Tous publics;116;Action; Biography; Drama
850;Burt Munro;2005;Tous publics;127;Biography; Drama; Sport
851;Kai po che!;2013;;130;Drama; Sport;
852;Les triplettes de Belleville;2003;Tous publics;80;Animation; Adventure; Comedy
853;Air;2023;R;111;Drama; Sport;
854;Le stratège;2011;Tous publics;133;Biography; Drama; Sport
855;The Blind Side;2009;Tous publics;129;Biography; Drama; Sport
856;Creed: L'héritage de Rocky Balboa;2015;Tous publics;133;Action; Drama; Sport
857;Hurricane Carter;1999;Tous publics;146;Biography; Drama; Sport
858;Moi, Tonya;2017;Tous publics;119;Biography; Comedy; Drama
859;Jusqu'au bout du rêve;1989;Tous publics;107;Drama; Family; Fantasy
860;42;2013;Tous publics;128;Biography; Drama; Sport
861;The Art of Racing in the Rain;2019;Tous publics;109;Comedy; Drama; Romance
862;La Méthode Williams;2021;Tous publics;144;Biography; Drama; Sport
863;Waves;2019;Tous publics;135;Drama; Romance; Sport
864;Le Grand Bleu;1988;Tous publics;168;Adventure; Drama; Sport
865;Rudy;1993;PG;114;Biography; Drama; Sport
866;'83;2021;;162;Biography; Drama; History
867;The Damned United;2009;R;98;Biography; Drama; Sport
868;Le grand défi;1986;Tous publics;114;Drama; Sport;
869;Hooligans;2005;16;109;Crime; Drama; Sport
870;Les Nageuses;2022;16;134;Biography; Drama; Sport
871;Le grand jeu;2017;Tous publics;140;Biography; Crime; Drama
872;Miracle;2004;Tous publics;135;Biography; Drama; History
873;Le meilleur;1984;Tous publics;138;Drama; Sport;
874;McFarland, USA;2015;PG;129;Biography; Drama; Sport
875;Un parcours de légende;2005;Tous publics;120;Biography; Drama; Sport
876;À la recherche de Bobby Fischer;1993;Tous publics;109;Biography; Drama; Sport
877;Jhund;2022;;176;Biography; Drama; Sport
878;Une équipe hors du commun;1992;Tous publics;128;Comedy; Drama; Sport
879;Le moment de vérité;1984;Tous publics;126;Action; Drama; Family
880;Le haut du panier;2022;7;117;Comedy; Drama; Sport
881;The Dark Knight : Le Chevalier noir;2008;Tous publics;152;Action; Crime; Drama
882;Aynabaji;2016;;147;Crime; Mystery; Thriller
883;Inception;2010;Tous publics;148;Action; Adventure; Sci-Fi
884;Seven;1995;12;127;Crime; Drama; Mystery
885;Le Silence des agneaux;1991;16;118;Crime; Drama; Thriller
886;Léon;1994;12;110;Action; Crime; Drama
887;Parasite;2019;Tous publics avec avertissement;132;Drama; Thriller;
888;Les infiltrés;2006;Tous publics avec avertissement;151;Crime; Drama; Thriller
889;Le Prestige;2006;Tous publics;130;Drama; Mystery; Sci-Fi
890;Usual Suspects;1995;Tous publics;106;Crime; Drama; Mystery
891;Psychose;1960;18;109;Horror; Mystery; Thriller
892;Fenêtre sur cour;1954;Tous publics;112;Mystery; Thriller;
893;Joker;2019;12 avec avertissement;122;Crime; Drama; Thriller
894;Old Boy;2003;16;120;Action; Drama; Mystery
895;Requiem pour un massacre - Va et regarde;1985;Tous publics avec avertissement;142;Drama; Thriller; War
896;The Dark Knight Rises;2012;Tous publics;164;Action; Drama; Thriller
897;Aliens : Le Retour;1986;13;137;Action; Adventure; Sci-Fi
898;Memento;2000;Tous publics;113;Mystery; Thriller;
899;La vie des autres;2006;Tous publics;137;Drama; Mystery; Thriller
900;Témoin à charge;1957;Tous publics;116;Crime; Drama; Mystery
901;Kaithi;2019;18;145;Action; Adventure; Crime
902;Entre le ciel et l'enfer;1963;Tous publics;143;Crime; Drama; Mystery
903;Drishyam 2;2021;13;152;Crime; Drama; Thriller
904;Reservoir Dogs;1992;16;99;Crime; Thriller;
905;Sueurs froides;1958;Tous publics;128;Mystery; Romance; Thriller
906;La mort aux trousses;1959;Tous publics;136;Action; Adventure; Mystery
907;M le maudit;1931;Tous publics;118;Crime; Mystery; Thriller
908;Assurance sur la mort;1944;Tous publics;107;Crime; Drama; Film-Noir
909;Kantara;2022;;148;Action; Adventure; Drama
910;K.G.F: Chapter 2;2022;13;168;Action; Crime; Drama
911;Vikram;2022;;175;Action; Crime; Thriller
912;Ratsasan;2018;;170;Action; Crime; Drama
913;Drishyam;2013;;160;Crime; Drama; Thriller
914;John Wick: Chapitre 4;2023;12;169;Action; Crime; Thriller
915;Jurassic Park;1993;Tous publics;127;Action; Adventure; Sci-Fi
916;No Country for Old Men;2007;12;122;Crime; Drama; Thriller
917;Shutter Island;2010;12;138;Mystery; Thriller;
918;Kill Bill: Volume I;2003;16;111;Action; Crime; Drama
919;Sixième sens;1999;12;107;Drama; Mystery; Thriller
920;Piège de cristal;1988;Tous publics;132;Action; Thriller;
921;V pour vendetta;2005;Tous publics avec avertissement;132;Action; Drama; Sci-Fi
922;Chinatown;1974;12;130;Drama; Mystery; Thriller
923;L.A. Confidential;1997;Tous publics;138;Crime; Drama; Mystery
924;Demon Slayer - Kimetsu no Yaiba, le film : Le Train de l'Infini;2020;Tous publics avec avertissement;117;Animation; Action; Adventure
925;La Grande Évasion;1963;Tous publics;172;Adventure; Drama; History
926;Dans ses yeux;2009;Tous publics;129;Drama; Mystery; Romance
927;Tumbbad;2018;;104;Drama; Fantasy; Horror
928;Drishyam 2;2022;13;140;Crime; Drama; Mystery
929;Le crime était presque parfait;1954;Tous publics;105;Crime; Thriller;
930;Le garde du corps;1961;Tous publics;110;Action; Drama; Thriller
931;Il faut sauver le soldat Ryan;1998;Tous publics avec avertissement;169;Drama; War;
932;La vie est belle;1997;Tous publics;116;Comedy; Drama; Romance
933;Le pianiste;2002;Tous publics;150;Biography; Drama; Music
934;Casablanca;1942;Tous publics;102;Drama; Romance; War
935;Le tombeau des lucioles;1988;Tous publics;89;Animation; Drama; War
936;Apocalypse Now;1979;Tous publics avec avertissement;147;Drama; Mystery; War
937;Requiem pour un massacre - Va et regarde;1985;Tous publics avec avertissement;142;Drama; Thriller; War
938;Braveheart;1995;Tous publics;178;Biography; Drama; History
939;Dr. Folamour ou : Comment j'ai appris à ne plus m'en faire et à aimer la bombe !;1964;Tous publics;95;Comedy; War;
940;Le Bateau;1981;Tous publics;149;Drama; War;
941;Les sentiers de la gloire;1957;Banned;88;Drama; War;
942;Le dictateur;1940;Tous publics;125;Comedy; Drama; War
943;Inglourious Basterds;2009;12;153;Adventure; Drama; War
944;Full Metal Jacket;1987;13;116;Drama; War;
945;Lawrence d'Arabie;1962;Tous publics;218;Adventure; Biography; Drama
946;Jugement à Nuremberg;1961;Tous publics;179;Drama; War;
947;Ayla;2017;;125;Biography; Drama; History
948;Shershaah;2021;13;135;Action; Biography; Drama
949;1917;2019;Tous publics avec avertissement;119;Action; Drama; War
950;La chute;2004;Tous publics avec avertissement;156;Biography; Drama; History
951;Le labyrinthe de Pan;2006;12;118;Drama; Fantasy; War
952;Autant en emporte le vent;1939;Tous publics;238;Drama; Romance; War
953;La Grande Évasion;1963;Tous publics;172;Adventure; Drama; History
954;Ran;1985;Tous publics;162;Action; Drama; War
955;Jeu dangereux;1942;Tous publics;99;Comedy; Romance; War
956;Uri: The Surgical Strike;2019;;138;Action; Drama; History
957;Montagne II;2016;;135;Action; Drama; War
958;Tu ne tueras point;2016;12;139;Biography; Drama; History
959;Platoon;1986;12;120;Drama; War;
960;Voyage au bout de l'enfer;1978;12;183;Drama; War;
961;Barry Lyndon;1975;Tous publics;185;Adventure; Drama; War
962;Hôtel Rwanda;2004;Tous publics;121;Biography; Drama; History
963;Le pont de la rivière Kwaï;1957;Tous publics;161;Adventure; Drama; War
964;À l'Ouest rien de nouveau;1930;Tous publics;152;Drama; War;
965;Les Plus Belles Années de notre vie;1946;Tous publics;170;Drama; Romance; War
966;Underground;1995;;170;Comedy; Drama; Fantasy
967;Le message;1976;Tous publics;177;Biography; Drama; History
968;La bataille d'Alger;1966;Tous publics;121;Drama; War;
969;Le mécano de la Générale;1926;Tous publics;67;Action; Adventure; Comedy
970;La grande illusion;1937;Tous publics;113;Drama; War;
971;Mandarines;2013;Tous publics;87;Drama; War;
972;Dara iz Jasenovca;2020;R;130;Drama; War;
973;Imitation Game;2014;Tous publics;114;Biography; Drama; Thriller
974;Ip man;2008;12;106;Action; Biography; Drama
975;La Voix d'Aida;2020;Tous publics;101;Drama; History; War
976;Persepolis;2007;Tous publics;96;Animation; Biography; Drama
977;Stalag 17;1953;Tous publics;120;Comedy; Drama; War
978;Au revoir les enfants;1987;Tous publics;104;Drama; War;
979;L'enfance d'Ivan;1962;Tous publics;95;Drama; War;
980;Frères de sang;2004;12;140;Action; Drama; War
981;Le Bon, la brute, le truand;1966;12;161;Adventure; Western;
982;Il était une fois dans l'Ouest;1968;Tous publics;165;Western;;
983;Django Unchained;2012;12;165;Drama; Western;
984;Impitoyable;1992;Tous publics;130;Drama; Western;
985;...et pour quelques dollars de plus;1965;18;132;Drama; Western;
986;Le Trésor de la Sierra Madre;1948;Tous publics;126;Adventure; Drama; Western
987;L'homme qui tua Liberty Valance;1962;12;123;Drama; Western;
988;La ruée vers l'or;1925;Tous publics;95;Adventure; Comedy; Drama
989;Sholay;1975;;204;Action; Adventure; Comedy
990;Danse avec les loups;1990;Tous publics;181;Adventure; Drama; Western
991;The Revenant;2015;12;156;Action; Adventure; Drama
992;Butch Cassidy et le Kid;1969;Tous publics;110;Biography; Crime; Drama
993;Rio Bravo;1959;;141;Drama; Western;
994;Le train sifflera trois fois;1952;Tous publics;85;Drama; Thriller; Western
995;Pour une poignée de dollars;1964;Tous publics;99;Action; Drama; Western
996;La prisonnière du désert;1956;Tous publics;119;Adventure; Drama; Western
997;La Horde sauvage;1969;18;145;Action; Adventure; Drama
998;Tombstone;1993;Tous publics;130;Biography; Drama; History
999;Les 8 Salopards;2015;12 avec avertissement;168;Crime; Drama; Mystery
1000;Josey Wales hors-la-loi;1976;Tous publics;135;Western;;
1001;La rivière rouge;1948;;133;Drama; Western;
1002;La Chevauchée fantastique;1939;Tous publics;96;Adventure; Drama; Western
1003;Wind River;2017;12;107;Crime; Drama; Mystery
1004;Les 7 mercenaires;1960;Tous publics;128;Action; Adventure; Drama
1005;Le shérif est en prison;1974;Tous publics;93;Comedy; Western;
1006;3h10 pour Yuma;2007;18;122;Action; Crime; Drama
1007;Comancheria;2016;Tous publics avec avertissement;102;Crime; Drama; Thriller
1008;True Grit;2010;Tous publics;110;Drama; Western;
1009;Jeremiah Johnson;1972;Tous publics;108;Adventure; Drama; Western
1010;Géant;1956;Tous publics;201;Drama; Western;
1011;L'Homme des vallées perdues;1953;Tous publics;118;Drama; Western;
1012;Le dernier des géants;1976;Tous publics;100;Drama; Romance; Western
1013;Il était une fois... la révolution;1971;Tous publics;157;Drama; War; Western
1014;John McCabe;1971;12;120;Drama; Western;
1015;Légendes d'automne;1994;Tous publics;133;Drama; Romance; War
1016;L'assassinat de Jesse James par le lâche Robert Ford;2007;Tous publics;160;Biography; Crime; Drama
1017;El Dorado;1966;Tous publics;126;Drama; Romance; Western
1018;Des souris et des hommes;1992;Tous publics;115;Drama; Western;
1019;Dead Man;1995;Tous publics;121;Adventure; Drama; Fantasy
1020;Little Big Man;1970;Tous publics;139;Adventure; Comedy; Drama
1021;Open Range;2003;Tous publics;139;Action; Drama; Romance
1022;Retour vers le futur 3;1990;Tous publics;118;Adventure; Comedy; Sci-Fi
1023;L'homme des hautes plaines;1973;Tous publics;105;Drama; Mystery; Western
1024;100 dollars pour un shérif;1969;12;128;Adventure; Drama; Western
1025;Lone Star;1996;Tous publics;135;Drama; Mystery; Western
1026;Yahsi Bati;2009;;112;Adventure; Comedy; Fantasy
1027;La ballade de Buster Scruggs;2018;16;133;Comedy; Drama; Musical
1028;Pale Rider - Le cavalier solitaire;1985;Tous publics;115;Drama; Western;
1029;Les sept femmes de Barberousse;1954;Tous publics;102;Comedy; Drama; Musical
1030;Mon nom est Personne;1973;Tous publics;116;Comedy; Drama; Western