ID,Nom,Année de sortie,Classification,Durée,Genre,Note,Nombre de votant,Revenus
0,The Dark Knight : Le Chevalier noir,(2008),Tous publics,152 min,"Action, Crime, Drama","9,0",2 712 245,$534.86M
1,Le Seigneur des anneaux : Le Retour du roi,(2003),Tous publics avec avertissement,201 min,"Action, Adventure, Drama","9,0",1 883 515,$377.85M
2,Inception,(2010),Tous publics,148 min,"Action, Adventure, Sci-Fi","8,8",2 407 554,$292.58M
3,Le Seigneur des anneaux : La Communauté de l'anneau,(2001),Tous publics,178 min,"Action, Adventure, Drama","8,8",1 912 302,$315.54M
4,Le Seigneur des anneaux : Les Deux Tours,(2002),Tous publics avec avertissement,179 min,"Action, Adventure, Drama","8,8",1 700 210,$342.55M
5,Matrix,(1999),Tous publics avec avertissement,136 min,"Action, Sci-Fi","8,7",1 953 794,$171.48M
6,L'Empire contre-attaque,(1980),Tous publics,124 min,"Action, Adventure, Fantasy","8,7",1 318 505,$290.48M
7,Soorarai Pottru,(2020),18,153 min,"Action, Drama","8,7",,
8,Star Wars: Épisode IV - Un nouvel espoir,(1977),Tous publics,121 min,"Action, Adventure, Fantasy","8,6",1 391 036,$322.74M
9,Terminator 2 : Le jugement dernier,(1991),12,137 min,"Action, Sci-Fi","8,6",1 121 010,$204.84M
10,Les 7 Samouraïs,(1954),Tous publics,207 min,"Action, Drama","8,6",352 241,$0.27M
11,Harakiri,(1962),Tous publics,133 min,"Action, Drama, Mystery","8,6",,
12,Sita Ramam,(2022),,163 min,"Action, Drama, Mystery","8,6",,
13,Léon,(1994),12,110 min,"Action, Crime, Drama","8,5",1 186 803,$19.50M
14,Gladiator,(2000),Tous publics avec avertissement,155 min,"Action, Adventure, Drama","8,5",1 533 090,$187.71M
15,Avengers: Endgame,(2019),Tous publics,181 min,"Action, Adventure, Drama","8,4",1 175 410,$858.37M
16,Spider-Man: New Generation,(2018),Tous publics,117 min,"Animation, Action, Adventure","8,4",560 624,$190.24M
17,Avengers: Infinity War,(2018),Tous publics,149 min,"Action, Adventure, Sci-Fi","8,4",1 119 126,$678.82M
18,Old Boy,(2003),16,120 min,"Action, Drama, Mystery","8,4",594 853,$0.71M
19,Les Aventuriers de l'arche perdue,(1981),Tous publics,115 min,"Action, Adventure","8,4",984 371,$248.16M
20,The Dark Knight Rises,(2012),Tous publics,164 min,"Action, Drama, Thriller","8,4",1 738 272,$448.14M
21,Aliens : Le Retour,(1986),13,137 min,"Action, Adventure, Sci-Fi","8,4",731 338,$85.16M
22,Kaithi,(2019),18,145 min,"Action, Adventure, Crime","8,4",,
23,Asuran,(2019),,141 min,"Action, Drama","8,4",,
24,Les Gardiens de la Galaxie 3,(2023),Tous publics,150 min,"Action, Adventure, Comedy","8,3",,
25,Heat,(1995),Tous publics avec avertissement,170 min,"Action, Crime, Drama","8,3",672 968,$67.44M
26,Top Gun: Maverick,(2022),Tous publics,130 min,"Action, Drama","8,3",583 034,$718.73M
27,Le Retour du Jedi,(1983),Tous publics,131 min,"Action, Adventure, Fantasy","8,3",1 075 490,$309.13M
28,Princesse Mononoké,(1997),Tous publics,134 min,"Animation, Action, Adventure","8,3",405 758,$2.38M
29,La mort aux trousses,(1959),Tous publics,136 min,"Action, Adventure, Mystery","8,3",334 096,$13.28M
30,Kantara,(2022),,148 min,"Action, Adventure, Drama","8,3",,
31,Dangal,(2016),Tous publics,161 min,"Action, Biography, Drama","8,3",196 875,$12.39M
32,K.G.F: Chapter 2,(2022),13,168 min,"Action, Crime, Drama","8,3",139 278,$6.60M
33,Vikram,(2022),,175 min,"Action, Crime, Thriller","8,3",,
34,Ratsasan,(2018),,170 min,"Action, Crime, Drama","8,3",,
35,Shershaah,(2021),13,135 min,"Action, Biography, Drama","8,3",,
36,John Wick: Chapitre 4,(2023),12,169 min,"Action, Crime, Thriller","8,2",,
37,Spider-Man: No Way Home,(2021),Tous publics,148 min,"Action, Adventure, Fantasy","8,2",792 747,$804.75M
38,1917,(2019),Tous publics avec avertissement,119 min,"Action, Drama, War","8,2",618 558,$159.23M
39,Jurassic Park,(1993),Tous publics,127 min,"Action, Adventure, Sci-Fi","8,2",1 011 906,$402.45M
40,Kill Bill: Volume I,(2003),16,111 min,"Action, Crime, Drama","8,2",1 138 718,$70.10M
41,Batman Begins,(2005),Tous publics,140 min,"Action, Crime, Drama","8,2",1 500 330,$206.85M
42,Indiana Jones et la dernière croisade,(1989),Tous publics,127 min,"Action, Adventure","8,2",769 667,$197.17M
43,Piège de cristal,(1988),Tous publics,132 min,"Action, Thriller","8,2",900 035,$83.01M
44,V pour vendetta,(2005),Tous publics avec avertissement,132 min,"Action, Drama, Sci-Fi","8,2",1 139 284,$70.51M
45,Warrior,(2011),Tous publics,140 min,"Action, Drama, Sport","8,2",481 185,$13.66M
46,"Demon Slayer - Kimetsu no Yaiba, le film : Le Train de l'Infini",(2020),Tous publics avec avertissement,117 min,"Animation, Action, Adventure","8,2",63 822,$47.70M
47,Ran,(1985),Tous publics,162 min,"Action, Drama, War","8,2",128 849,$4.14M
48,Le garde du corps,(1961),Tous publics,110 min,"Action, Drama, Thriller","8,2",,
49,Gangs of Wasseypur,(2012),Tous publics avec avertissement,321 min,"Action, Comedy, Crime","8,2",,
50,Le Seigneur des anneaux : Le Retour du roi,(2003),Tous publics avec avertissement,201 min,"Action, Adventure, Drama","9,0",1 883 515,$377.85M
51,Inception,(2010),Tous publics,148 min,"Action, Adventure, Sci-Fi","8,8",2 407 554,$292.58M
52,Le Seigneur des anneaux : La Communauté de l'anneau,(2001),Tous publics,178 min,"Action, Adventure, Drama","8,8",1 912 302,$315.54M
53,"Le Bon, la brute, le truand",(1966),12,161 min,"Adventure, Western","8,8",775 836,$6.10M
54,Le Seigneur des anneaux : Les Deux Tours,(2002),Tous publics avec avertissement,179 min,"Action, Adventure, Drama","8,8",1 700 210,$342.55M
55,777 Charlie,(2022),,164 min,"Adventure, Comedy, Drama","8,8",,
56,L'Empire contre-attaque,(1980),Tous publics,124 min,"Action, Adventure, Fantasy","8,7",1 318 505,$290.48M
57,Interstellar,(2014),Tous publics,169 min,"Adventure, Drama, Sci-Fi","8,6",1 903 425,$188.02M
58,Star Wars: Épisode IV - Un nouvel espoir,(1977),Tous publics,121 min,"Action, Adventure, Fantasy","8,6",1 391 036,$322.74M
59,Le voyage de Chihiro,(2001),Tous publics,125 min,"Animation, Adventure, Family","8,6",787 478,$10.06M
60,Gladiator,(2000),Tous publics avec avertissement,155 min,"Action, Adventure, Drama","8,5",1 533 090,$187.71M
61,Retour vers le futur,(1985),Tous publics,116 min,"Adventure, Comedy, Sci-Fi","8,5",1 235 665,$210.61M
62,Le Roi Lion,(1994),Tous publics,88 min,"Animation, Adventure, Drama","8,5",1 082 777,$422.78M
63,Avengers: Endgame,(2019),Tous publics,181 min,"Action, Adventure, Drama","8,4",1 175 410,$858.37M
64,Spider-Man: New Generation,(2018),Tous publics,117 min,"Animation, Action, Adventure","8,4",560 624,$190.24M
65,Avengers: Infinity War,(2018),Tous publics,149 min,"Action, Adventure, Sci-Fi","8,4",1 119 126,$678.82M
66,Les Aventuriers de l'arche perdue,(1981),Tous publics,115 min,"Action, Adventure","8,4",984 371,$248.16M
67,Aliens : Le Retour,(1986),13,137 min,"Action, Adventure, Sci-Fi","8,4",731 338,$85.16M
68,Coco,(I) (2017),Tous publics,105 min,"Animation, Adventure, Comedy","8,4",531 894,$209.73M
69,WALL·E,(2008),Tous publics,98 min,"Animation, Adventure, Family","8,4",1 140 441,$223.81M
70,Kaithi,(2019),18,145 min,"Action, Adventure, Crime","8,4",,
71,Les Gardiens de la Galaxie 3,(2023),Tous publics,150 min,"Action, Adventure, Comedy","8,3",,
72,Inglourious Basterds,(2009),12,153 min,"Adventure, Drama, War","8,3",1 488 342,$120.54M
73,Le Retour du Jedi,(1983),Tous publics,131 min,"Action, Adventure, Fantasy","8,3",1 075 490,$309.13M
74,2001 : L'Odyssée de l'espace,(1968),Tous publics,149 min,"Adventure, Sci-Fi","8,3",684 023,$56.95M
75,Toy Story,(1995),Tous publics,81 min,"Animation, Adventure, Comedy","8,3",1 015 842,$191.80M
76,Là-haut,(2009),Tous publics,96 min,"Animation, Adventure, Comedy","8,3",1 067 109,$293.00M
77,Lawrence d'Arabie,(1962),Tous publics,218 min,"Adventure, Biography, Drama","8,3",300 580,$44.82M
78,Princesse Mononoké,(1997),Tous publics,134 min,"Animation, Action, Adventure","8,3",405 758,$2.38M
79,Toy Story 3,(2010),Tous publics,103 min,"Animation, Adventure, Comedy","8,3",853 369,$415.00M
80,La mort aux trousses,(1959),Tous publics,136 min,"Action, Adventure, Mystery","8,3",334 096,$13.28M
81,Kantara,(2022),,148 min,"Action, Adventure, Drama","8,3",,
82,Spider-Man: No Way Home,(2021),Tous publics,148 min,"Action, Adventure, Fantasy","8,2",792 747,$804.75M
83,Jurassic Park,(1993),Tous publics,127 min,"Action, Adventure, Sci-Fi","8,2",1 011 906,$402.45M
84,Le château ambulant,(2004),Tous publics,119 min,"Animation, Adventure, Family","8,2",410 497,$4.71M
85,Le Monde de Nemo,(2003),Tous publics,100 min,"Animation, Adventure, Comedy","8,2",1 064 492,$380.84M
86,Indiana Jones et la dernière croisade,(1989),Tous publics,127 min,"Action, Adventure","8,2",769 667,$197.17M
87,Monty Python : Sacré Graal !,(1975),Tous publics,91 min,"Adventure, Comedy, Fantasy","8,2",551 022,$1.23M
88,"Demon Slayer - Kimetsu no Yaiba, le film : Le Train de l'Infini",(2020),Tous publics avec avertissement,117 min,"Animation, Action, Adventure","8,2",63 822,$47.70M
89,Le Trésor de la Sierra Madre,(1948),Tous publics,126 min,"Adventure, Drama, Western","8,2",127 733,$5.01M
90,La Grande Évasion,(1963),Tous publics,172 min,"Adventure, Drama, History","8,2",249 148,$12.10M
91,La légende de Klaus,(2019),7,96 min,"Animation, Adventure, Comedy","8,2",,
92,Le salaire de la peur,(1953),Tous Public,156 min,"Adventure, Drama, Thriller","8,2",,
93,Dersou Ouzala,(1975),Tous Public,142 min,"Adventure, Biography, Drama","8,2",,
94,The Grand Budapest hotel,(2014),Tous publics,99 min,"Adventure, Comedy, Crime","8,1",836 342,$59.10M
95,Mad Max: Fury Road,(2015),Tous publics avec avertissement,120 min,"Action, Adventure, Sci-Fi","8,1",1 027 808,$154.06M
96,Pirates des Caraïbes : La malédiction du Black Pearl,(2003),Tous publics,143 min,"Action, Adventure, Fantasy","8,1",1 151 364,$305.41M
97,Les Dents de la mer,(1975),13,124 min,"Adventure, Mystery, Thriller","8,1",622 341,$260.00M
98,Stand by Me : Compte sur moi,(1986),Tous publics,89 min,"Adventure, Drama","8,1",416 460,$52.29M
99,Ratatouille,(2007),Tous publics,111 min,"Animation, Adventure, Comedy","8,1",763 898,$206.45M
100,Le voyage de Chihiro,(2001),Tous publics,125 min,"Animation, Adventure, Family","8,6",787 478,$10.06M
101,Le Roi Lion,(1994),Tous publics,88 min,"Animation, Adventure, Drama","8,5",1 082 777,$422.78M
102,Le tombeau des lucioles,(1988),Tous publics,89 min,"Animation, Drama, War","8,5",,
103,Spider-Man: New Generation,(2018),Tous publics,117 min,"Animation, Action, Adventure","8,4",560 624,$190.24M
104,Your Name.,(2016),Tous publics,106 min,"Animation, Drama, Fantasy","8,4",285 185,$5.02M
105,Coco,(I) (2017),Tous publics,105 min,"Animation, Adventure, Comedy","8,4",531 894,$209.73M
106,WALL·E,(2008),Tous publics,98 min,"Animation, Adventure, Family","8,4",1 140 441,$223.81M
107,Toy Story,(1995),Tous publics,81 min,"Animation, Adventure, Comedy","8,3",1 015 842,$191.80M
108,Là-haut,(2009),Tous publics,96 min,"Animation, Adventure, Comedy","8,3",1 067 109,$293.00M
109,Princesse Mononoké,(1997),Tous publics,134 min,"Animation, Action, Adventure","8,3",405 758,$2.38M
110,Toy Story 3,(2010),Tous publics,103 min,"Animation, Adventure, Comedy","8,3",853 369,$415.00M
111,Le château ambulant,(2004),Tous publics,119 min,"Animation, Adventure, Family","8,2",410 497,$4.71M
112,Le Monde de Nemo,(2003),Tous publics,100 min,"Animation, Adventure, Comedy","8,2",1 064 492,$380.84M
113,"Demon Slayer - Kimetsu no Yaiba, le film : Le Train de l'Infini",(2020),Tous publics avec avertissement,117 min,"Animation, Action, Adventure","8,2",63 822,$47.70M
114,La légende de Klaus,(2019),7,96 min,"Animation, Adventure, Comedy","8,2",,
115,Ratatouille,(2007),Tous publics,111 min,"Animation, Adventure, Comedy","8,1",763 898,$206.45M
116,Vice-versa,(I) (2015),Tous publics,95 min,"Animation, Adventure, Comedy","8,1",734 398,$356.46M
117,Monstres & Cie,(2001),Tous publics,92 min,"Animation, Adventure, Comedy","8,1",930 114,$289.92M
118,Dragons,(2010),Tous publics,98 min,"Animation, Action, Adventure","8,1",759 575,$217.58M
119,Mon voisin Totoro,(1988),Tous publics,86 min,"Animation, Comedy, Family","8,1",351 604,$1.11M
120,Le géant de fer,(1999),Tous publics,86 min,"Animation, Action, Adventure","8,1",208 262,$23.16M
121,Silent Voice,(2016),Tous publics avec avertissement,130 min,"Animation, Drama","8,1",,
122,Neon Genesis Evangelion: The End of Evangelion,(1997),12,87 min,"Animation, Action, Drama","8,1",,
123,Mary et Max.,(2009),Tous Public,92 min,"Animation, Comedy, Drama","8,1",,
124,"Les enfants loups, Ame & Yuki",(2012),Tous publics,117 min,"Animation, Drama, Family","8,1",,
125,Les Indestructibles,(2004),Tous publics,115 min,"Animation, Action, Adventure","8,0",759 433,$261.44M
126,Zootopie,(2016),Tous publics,108 min,"Animation, Adventure, Comedy","8,0",515 017,$341.27M
127,Aladdin,(1992),Tous publics,90 min,"Animation, Adventure, Comedy","8,0",435 318,$217.35M
128,Soul,(2020),6+,100 min,"Animation, Adventure, Comedy","8,0",,
129,Perfect Blue,(1997),12,81 min,"Animation, Crime, Drama","8,0",83 324,$0.78M
130,La Belle et la Bête,(1991),Tous publics,84 min,"Animation, Family, Fantasy","8,0",463 590,$218.97M
131,Akira,(1988),12,124 min,"Animation, Action, Drama","8,0",193 128,$0.55M
132,Le peuple loup,(2020),Tous publics,103 min,"Animation, Action, Adventure","8,0",,
133,Le Château dans le ciel,(1986),Tous publics,125 min,"Animation, Adventure, Family","8,0",,
134,Nausicaä de la vallée du vent,(1984),Tous publics,117 min,"Animation, Adventure, Sci-Fi","8,0",173 730,$0.50M
135,Le chant de la mer,(2014),Tous publics,93 min,"Animation, Adventure, Drama","8,0",60 474,$0.86M
136,Le conte de la princesse Kaguya,(2013),Tous publics,137 min,"Animation, Drama, Family","8,0",49 525,$1.51M
137,Persepolis,(2007),Tous publics,96 min,"Animation, Biography, Drama","8,0",96 987,$4.45M
138,Le Chat potté 2 : La Dernière Quête,(2022),Tous publics,102 min,"Animation, Adventure, Comedy","7,9",126 780,$168.46M
139,Fantastic Mr. Fox,(2009),Tous Public,87 min,"Animation, Adventure, Comedy","7,9",244 378,$21.00M
140,Shrek,(2001),Tous publics,90 min,"Animation, Adventure, Comedy","7,9",698 217,$267.67M
141,Toy Story 2,(1999),Tous publics,92 min,"Animation, Adventure, Comedy","7,9",594 433,$245.85M
142,Ghost in the Shell,(1995),Tous publics,83 min,"Animation, Action, Crime","7,9",148 066,$0.52M
143,L'étrange Noël de monsieur Jack,(1993),Tous publics,76 min,"Animation, Family, Fantasy","7,9",351 048,$75.08M
144,Si tu tends l'oreille,(1995),Tous publics,111 min,"Animation, Drama, Family","7,9",,
145,Les Nouveaux Héros,(2014),Tous publics,102 min,"Animation, Action, Adventure","7,8",475 395,$222.53M
146,L'Île aux chiens,(2018),Tous publics,101 min,"Animation, Adventure, Comedy","7,8",176 906,$32.02M
147,Dragons 2,(2014),Tous publics,102 min,"Animation, Action, Adventure","7,8",346 801,$177.00M
148,Kiki la petite sorcière,(1989),Tous publics,103 min,"Animation, Family, Fantasy","7,8",,
149,La passion Van Gogh,(2017),Tous publics,94 min,"Animation, Drama, Mystery","7,8",60 259,$6.74M
150,La liste de Schindler,(1993),Tous publics,195 min,"Biography, Drama, History","9,0",1 382 532,$96.90M
151,Rocketry: The Nambi Effect,(2022),,157 min,"Biography, Drama","8,8",,
152,Les affranchis,(1990),16,145 min,"Biography, Crime, Drama","8,7",1 188 870,$46.84M
153,Le pianiste,(2002),Tous publics,150 min,"Biography, Drama, Music","8,5",853 992,$32.57M
154,Intouchables,(2011),Tous publics,112 min,"Biography, Comedy, Drama","8,5",879 758,$13.18M
155,Braveheart,(1995),Tous publics,178 min,"Biography, Drama, History","8,4",1 054 244,$75.60M
156,Amadeus,(1984),Tous publics,160 min,"Biography, Drama, Music","8,4",409 107,$51.97M
157,Sardar Udham,(2021),16,164 min,"Biography, Crime, Drama","8,4",,
158,Hamilton,(2020),12,160 min,"Biography, Drama, History","8,3",,
159,Lawrence d'Arabie,(1962),Tous publics,218 min,"Adventure, Biography, Drama","8,3",300 580,$44.82M
160,Dangal,(2016),Tous publics,161 min,"Action, Biography, Drama","8,3",196 875,$12.39M
161,Ayla,(2017),,125 min,"Biography, Drama, History","8,3",,
162,Shershaah,(2021),13,135 min,"Action, Biography, Drama","8,3",,
163,Le loup de Wall Street,(2013),12,180 min,"Biography, Comedy, Crime","8,2",1 458 625,$116.90M
164,Un homme d'exception,(2001),Tous publics,135 min,"Biography, Drama","8,2",948 877,$170.74M
165,Green Book: Sur les routes du sud,(2018),Tous publics,130 min,"Biography, Comedy, Drama","8,2",517 122,$85.08M
166,La chute,(2004),Tous publics avec avertissement,156 min,"Biography, Drama, History","8,2",361 879,$5.51M
167,Elephant Man,(1980),Tous publics,124 min,"Biography, Drama","8,2",,
168,La passion de Jeanne d'Arc,(1928),Not Rated,110 min,"Biography, Drama, History","8,2",57 157,$0.02M
169,Dersou Ouzala,(1975),Tous Public,142 min,"Adventure, Biography, Drama","8,2",,
170,Bhaag Milkha Bhaag,(2013),,186 min,"Biography, Drama, Sport","8,2",69 701,$1.63M
171,Paan Singh Tomar,(2012),,135 min,"Action, Biography, Crime","8,2",37 009,$0.04M
172,Tu ne tueras point,(2016),12,139 min,"Biography, Drama, History","8,1",547 817,$67.21M
173,Le Mans '66,(2019),Tous publics,152 min,"Action, Biography, Drama","8,1",416 288,$117.62M
174,Arrête-moi si tu peux,(2002),Tous publics,141 min,"Biography, Crime, Drama","8,1",1 018 113,$164.62M
175,Spotlight,(I) (2015),Tous publics,129 min,"Biography, Crime, Drama","8,1",481 353,$45.06M
176,Into the Wild,(2007),Tous publics,148 min,"Adventure, Biography, Drama","8,1",634 219,$18.35M
177,Procès de singe,(1960),Tous Public,128 min,"Biography, Drama, History","8,1",,
178,Rush,(I) (2013),Tous publics,123 min,"Action, Biography, Drama","8,1",490 232,$26.95M
179,La mélodie du bonheur,(1965),Tous publics,172 min,"Biography, Drama, Family","8,1",244 080,$163.21M
180,Raging Bull,(1980),12,129 min,"Biography, Drama, Sport","8,1",362 456,$23.38M
181,12 Years a Slave,(2013),Tous publics avec avertissement,134 min,"Biography, Drama, History","8,1",714 700,$56.67M
182,Hatchi,(2009),Tous publics,93 min,"Biography, Drama, Family","8,1",,
183,Hôtel Rwanda,(2004),Tous Public,121 min,"Biography, Drama, History","8,1",361 493,$23.53M
184,Au nom du père,(1993),Tous publics,133 min,"Biography, Crime, Drama","8,1",179 590,$25.01M
185,Le message,(1976),Tous Public,177 min,"Biography, Drama, History","8,1",,
186,Andreï Roublev,(1966),,205 min,"Biography, Drama, History","8,1",55 133,$0.10M
187,Major,(2022),,150 min,"Action, Biography, Drama","8,1",,
188,Le discours d'un roi,(2010),Tous publics,118 min,"Biography, Drama, History","8,0",691 149,$138.80M
189,Imitation Game,(2014),Tous publics,114 min,"Biography, Drama, Thriller","8,0",787 693,$91.13M
190,À la recherche du bonheur,(2006),Tous publics,117 min,"Biography, Drama","8,0",529 526,$163.57M
191,Un après-midi de chien,(1975),Tous publics,125 min,"Biography, Crime, Drama","8,0",263 355,$50.00M
192,Lion,(2016),Tous publics,118 min,"Biography, Drama","8,0",242 319,$51.74M
193,Butch Cassidy et le Kid,(1969),Tous publics,110 min,"Biography, Crime, Drama","8,0",220 501,$102.31M
194,Papillon,(1973),Tous publics,151 min,"Biography, Crime, Drama","8,0",133 961,$53.27M
195,Ip man,(2008),12,106 min,"Action, Biography, Drama","8,0",,
196,De l'ombre à la lumière,(2005),Tous publics,144 min,"Biography, Drama, Romance","8,0",192 108,$61.65M
197,Gandhi,(1982),Tous publics,191 min,"Biography, Drama, History","8,0",236 063,$52.77M
198,Une histoire vraie,(1999),Tous publics,112 min,"Biography, Drama","8,0",93 032,$6.20M
199,Le miroir,(1975),Tous Public,107 min,"Biography, Drama","8,0",49 050,$0.18M
200,Hababam Sinifi,(1975),,87 min,"Comedy, Drama","9,2",,
201,777 Charlie,(2022),,164 min,"Adventure, Comedy, Drama","8,8",,
202,La vie est belle,(1997),Tous publics,116 min,"Comedy, Drama, Romance","8,6",709 849,$57.60M
203,Retour vers le futur,(1985),Tous publics,116 min,"Adventure, Comedy, Sci-Fi","8,5",1 235 665,$210.61M
204,Intouchables,(2011),Tous publics,112 min,"Biography, Comedy, Drama","8,5",879 758,$13.18M
205,Les temps modernes,(1936),Tous publics,87 min,"Comedy, Drama, Romance","8,5",247 883,$0.16M
206,Les lumières de la ville,(1931),Tous publics,87 min,"Comedy, Drama, Romance","8,5",188 279,$0.02M
207,Spider-Man: New Generation,(2018),Tous publics,117 min,"Animation, Action, Adventure","8,4",560 624,$190.24M
208,Coco,(I) (2017),Tous publics,105 min,"Animation, Adventure, Comedy","8,4",531 894,$209.73M
209,Dr. Folamour ou : Comment j'ai appris à ne plus m'en faire et à aimer la bombe !,(1964),Tous publics,95 min,"Comedy, War","8,4",499 657,$0.28M
210,3 Idiots,(2009),Tous publics,170 min,"Comedy, Drama","8,4",410 064,$6.53M
211,Le dictateur,(1940),Tous publics,125 min,"Comedy, Drama, War","8,4",228 330,$0.29M
212,Dil Bechara,(2020),,101 min,"Comedy, Drama, Romance","8,4",,
213,Les Gardiens de la Galaxie 3,(2023),Tous publics,150 min,"Action, Adventure, Comedy","8,3",,
214,Toy Story,(1995),Tous publics,81 min,"Animation, Adventure, Comedy","8,3",1 015 842,$191.80M
215,Chantons sous la pluie,(1952),Tous publics,103 min,"Comedy, Musical, Romance","8,3",248 483,$8.82M
216,Là-haut,(2009),Tous publics,96 min,"Animation, Adventure, Comedy","8,3",1 067 109,$293.00M
217,Le fabuleux destin d'Amélie Poulain,(2001),Tous publics,122 min,"Comedy, Romance","8,3",768 701,$33.23M
218,Toy Story 3,(2010),Tous publics,103 min,"Animation, Adventure, Comedy","8,3",853 369,$415.00M
219,L'Arnaque,(1973),Tous publics,129 min,"Comedy, Crime, Drama","8,3",269 163,$159.60M
220,La garçonnière,(1960),Tous publics,125 min,"Comedy, Drama, Romance","8,3",186 259,$18.60M
221,Le Kid,(1921),Tous publics,68 min,"Comedy, Drama, Family","8,3",129 098,$5.45M
222,Chhichhore,(2019),,143 min,"Comedy, Drama, Romance","8,3",57 577,$0.90M
223,Le loup de Wall Street,(2013),12,180 min,"Biography, Comedy, Crime","8,2",1 458 625,$116.90M
224,Snatch - Tu braques ou tu raques,(2000),Tous publics,104 min,"Comedy, Crime","8,2",872 553,$30.33M
225,Green Book: Sur les routes du sud,(2018),Tous publics,130 min,"Biography, Comedy, Drama","8,2",517 122,$85.08M
226,The Truman Show,(1998),Tous publics,103 min,"Comedy, Drama","8,2",1 114 175,$125.62M
227,Le Monde de Nemo,(2003),Tous publics,100 min,"Animation, Adventure, Comedy","8,2",1 064 492,$380.84M
228,Monty Python : Sacré Graal !,(1975),Tous publics,91 min,"Adventure, Comedy, Fantasy","8,2",551 022,$1.23M
229,Certains l'aiment chaud,(1959),12,121 min,"Comedy, Music, Romance","8,2",272 709,$25.00M
230,La légende de Klaus,(2019),7,96 min,"Animation, Adventure, Comedy","8,2",,
231,On ne vit qu'une seule fois,(2011),,155 min,"Comedy, Drama, Musical","8,2",81 196,$3.11M
232,Jeu dangereux,(1942),Tous publics,99 min,"Comedy, Romance, War","8,2",,
233,Gangs of Wasseypur,(2012),Tous publics avec avertissement,321 min,"Action, Comedy, Crime","8,2",,
234,Sherlock Junior,(1924),Tous publics,45 min,"Action, Comedy, Romance","8,2",52 260,$0.98M
235,The Grand Budapest hotel,(2014),Tous publics,99 min,"Adventure, Comedy, Crime","8,1",836 342,$59.10M
236,The Big Lebowski,(1998),Tous publics,117 min,"Comedy, Crime","8,1",825 790,$17.50M
237,Ratatouille,(2007),Tous publics,111 min,"Animation, Adventure, Comedy","8,1",763 898,$206.45M
238,Le Cercle des poètes disparus,(1989),Tous publics,128 min,"Comedy, Drama","8,1",508 349,$95.86M
239,3 Billboards: Les panneaux de la vengeance,(2017),Tous publics,115 min,"Comedy, Crime, Drama","8,1",524 867,$54.51M
240,Vice-versa,(I) (2015),Tous publics,95 min,"Animation, Adventure, Comedy","8,1",734 398,$356.46M
241,Monstres & Cie,(2001),Tous publics,92 min,"Animation, Adventure, Comedy","8,1",930 114,$289.92M
242,"Arnaques, crimes et botanique",(1998),Tous publics,107 min,"Action, Comedy, Crime","8,1",594 229,$3.90M
243,Dragons,(2010),Tous publics,98 min,"Animation, Action, Adventure","8,1",759 575,$217.58M
244,Les Nouveaux Sauvages,(2014),Tous publics avec avertissement,122 min,"Comedy, Drama, Thriller","8,1",204 730,$3.11M
245,Mon voisin Totoro,(1988),Tous publics,86 min,"Animation, Comedy, Family","8,1",351 604,$1.11M
246,Le géant de fer,(1999),Tous publics,86 min,"Animation, Action, Adventure","8,1",208 262,$23.16M
247,La barbe à papa,(1973),Tous Public,102 min,"Comedy, Crime, Drama","8,1",49 628,$30.93M
248,P.K.,(2014),13,153 min,"Comedy, Drama, Sci-Fi","8,1",192 808,$10.62M
249,Mary et Max.,(2009),Tous Public,92 min,"Animation, Comedy, Drama","8,1",,
250,Le Parrain,(1972),12,175 min,"Crime, Drama","9,2",1 904 825,$134.97M
251,The Dark Knight : Le Chevalier noir,(2008),Tous publics,152 min,"Action, Crime, Drama","9,0",2 712 245,$534.86M
252,"Le Parrain, 2ᵉ partie",(1974),13,202 min,"Crime, Drama","9,0",1 298 312,$57.30M
253,12 Hommes en colère,(1957),Tous publics,96 min,"Crime, Drama","9,0",810 784,$4.36M
254,Aynabaji,(2016),,147 min,"Crime, Mystery, Thriller","9,0",,
255,Pulp Fiction,(1994),12,154 min,"Crime, Drama","8,9",2 104 943,$107.93M
256,Jai Bhim,(2021),,164 min,"Crime, Drama, Mystery","8,8",,
257,Les affranchis,(1990),16,145 min,"Biography, Crime, Drama","8,7",1 188 870,$46.84M
258,La ligne verte,(1999),12,189 min,"Crime, Drama, Fantasy","8,6",1 332 120,$136.80M
259,Seven,(1995),12,127 min,"Crime, Drama, Mystery","8,6",1 693 649,$100.13M
260,Le Silence des agneaux,(1991),16,118 min,"Crime, Drama, Thriller","8,6",1 464 550,$130.74M
261,La cité de Dieu,(2002),16,130 min,"Crime, Drama","8,6",769 658,$7.56M
262,Léon,(1994),12,110 min,"Action, Crime, Drama","8,5",1 186 803,$19.50M
263,Les infiltrés,(2006),Tous publics avec avertissement,151 min,"Crime, Drama, Thriller","8,5",1 353 433,$132.38M
264,Usual Suspects,(1995),Tous publics,106 min,"Crime, Drama, Mystery","8,5",1 102 763,$23.34M
265,American History X,(1998),12,119 min,"Crime, Drama","8,5",1 141 545,$6.72M
266,Joker,(I) (2019),12 avec avertissement,122 min,"Crime, Drama, Thriller","8,4",1 349 046,$335.45M
267,Témoin à charge,(1957),Tous publics,116 min,"Crime, Drama, Mystery","8,4",129 227,$8.18M
268,Kaithi,(2019),18,145 min,"Action, Adventure, Crime","8,4",,
269,Entre le ciel et l'enfer,(1963),Tous publics,143 min,"Crime, Drama, Mystery","8,4",,
270,Sardar Udham,(2021),16,164 min,"Biography, Crime, Drama","8,4",,
271,Drishyam 2,(2021),13,152 min,"Crime, Drama, Thriller","8,4",,
272,Heat,(1995),Tous publics avec avertissement,170 min,"Action, Crime, Drama","8,3",672 968,$67.44M
273,Scarface,(1983),13,170 min,"Crime, Drama","8,3",864 017,$45.60M
274,Orange mécanique,(1971),18,136 min,"Crime, Sci-Fi","8,3",846 488,$6.21M
275,Reservoir Dogs,(1992),16,99 min,"Crime, Thriller","8,3",1 041 006,$2.83M
276,Il était une fois en Amérique,(1984),Tous publics,229 min,"Crime, Drama","8,3",359 591,$5.32M
277,Du silence et des ombres...,(1962),12,129 min,"Crime, Drama","8,3",,
278,L'Arnaque,(1973),Tous publics,129 min,"Comedy, Crime, Drama","8,3",269 163,$159.60M
279,M le maudit,(1931),Tous publics,118 min,"Crime, Mystery, Thriller","8,3",161 461,$0.03M
280,Assurance sur la mort,(1944),Tous publics,107 min,"Crime, Drama, Film-Noir","8,3",160 581,$5.72M
281,K.G.F: Chapter 2,(2022),13,168 min,"Action, Crime, Drama","8,3",139 278,$6.60M
282,Vikram,(2022),,175 min,"Action, Crime, Thriller","8,3",,
283,Ratsasan,(2018),,170 min,"Action, Crime, Drama","8,3",,
284,Drishyam,(2013),,160 min,"Crime, Drama, Thriller","8,3",,
285,John Wick: Chapitre 4,(2023),12,169 min,"Action, Crime, Thriller","8,2",,
286,Le loup de Wall Street,(2013),12,180 min,"Biography, Comedy, Crime","8,2",1 458 625,$116.90M
287,Taxi Driver,(1976),16,114 min,"Crime, Drama","8,2",861 504,$28.26M
288,No Country for Old Men,(2007),12,122 min,"Crime, Drama, Thriller","8,2",999 284,$74.28M
289,Snatch - Tu braques ou tu raques,(2000),Tous publics,104 min,"Comedy, Crime","8,2",872 553,$30.33M
290,Casino,(1995),12,178 min,"Crime, Drama","8,2",533 499,$42.44M
291,Kill Bill: Volume I,(2003),16,111 min,"Action, Crime, Drama","8,2",1 138 718,$70.10M
292,Batman Begins,(2005),Tous publics,140 min,"Action, Crime, Drama","8,2",1 500 330,$206.85M
293,L.A. Confidential,(1997),Tous publics,138 min,"Crime, Drama, Mystery","8,2",592 351,$64.62M
294,Drishyam 2,(2022),13,140 min,"Crime, Drama, Mystery","8,2",,
295,Rashomon,(1950),Tous Public,88 min,"Crime, Drama, Mystery","8,2",172 437,$0.10M
296,Le crime était presque parfait,(1954),Tous publics,105 min,"Crime, Thriller","8,2",180 261,$0.01M
297,Z,(1969),Tous publics,127 min,"Crime, Drama, Thriller","8,2",29 926,$0.08M
298,Drishyam,(2015),18,163 min,"Crime, Drama, Mystery","8,2",88 293,$0.74M
299,Andhadhun,(2018),,139 min,"Crime, Mystery, Thriller","8,2",96 902,$1.37M
300,Les Évadés,(1994),Tous publics avec avertissement,142 min,Drama,"9,3",2 739 193,$28.34M
301,Le Parrain,(1972),12,175 min,"Crime, Drama","9,2",1 904 825,$134.97M
302,Hababam Sinifi,(1975),,87 min,"Comedy, Drama","9,2",,
303,The Dark Knight : Le Chevalier noir,(2008),Tous publics,152 min,"Action, Crime, Drama","9,0",2 712 245,$534.86M
304,La liste de Schindler,(1993),Tous publics,195 min,"Biography, Drama, History","9,0",1 382 532,$96.90M
305,"Le Parrain, 2ᵉ partie",(1974),13,202 min,"Crime, Drama","9,0",1 298 312,$57.30M
306,12 Hommes en colère,(1957),Tous publics,96 min,"Crime, Drama","9,0",810 784,$4.36M
307,Le Seigneur des anneaux : Le Retour du roi,(2003),Tous publics avec avertissement,201 min,"Action, Adventure, Drama","9,0",1 883 515,$377.85M
308,Pulp Fiction,(1994),12,154 min,"Crime, Drama","8,9",2 104 943,$107.93M
309,Le Seigneur des anneaux : La Communauté de l'anneau,(2001),Tous publics,178 min,"Action, Adventure, Drama","8,8",1 912 302,$315.54M
310,Fight Club,(1999),16,139 min,Drama,"8,8",2 181 210,$37.03M
311,Forrest Gump,(1994),Tous publics,142 min,"Drama, Romance","8,8",2 131 456,$330.25M
312,Le Seigneur des anneaux : Les Deux Tours,(2002),Tous publics avec avertissement,179 min,"Action, Adventure, Drama","8,8",1 700 210,$342.55M
313,Jai Bhim,(2021),,164 min,"Crime, Drama, Mystery","8,8",,
314,777 Charlie,(2022),,164 min,"Adventure, Comedy, Drama","8,8",,
315,Rocketry: The Nambi Effect,(2022),,157 min,"Biography, Drama","8,8",,
316,Les affranchis,(1990),16,145 min,"Biography, Crime, Drama","8,7",1 188 870,$46.84M
317,Vol au-dessus d'un nid de coucou,(1975),Tous publics avec avertissement,133 min,Drama,"8,7",1 026 961,$112.00M
318,The Kashmir Files,(2022),,170 min,Drama,"8,7",,
319,Soorarai Pottru,(2020),18,153 min,"Action, Drama","8,7",,
320,Interstellar,(2014),Tous publics,169 min,"Adventure, Drama, Sci-Fi","8,6",1 903 425,$188.02M
321,La ligne verte,(1999),12,189 min,"Crime, Drama, Fantasy","8,6",1 332 120,$136.80M
322,Seven,(1995),12,127 min,"Crime, Drama, Mystery","8,6",1 693 649,$100.13M
323,Le Silence des agneaux,(1991),16,118 min,"Crime, Drama, Thriller","8,6",1 464 550,$130.74M
324,Il faut sauver le soldat Ryan,(1998),Tous publics avec avertissement,169 min,"Drama, War","8,6",1 420 636,$216.54M
325,La cité de Dieu,(2002),16,130 min,"Crime, Drama","8,6",769 658,$7.56M
326,La vie est belle,(1997),Tous publics,116 min,"Comedy, Drama, Romance","8,6",709 849,$57.60M
327,Les 7 Samouraïs,(1954),Tous publics,207 min,"Action, Drama","8,6",352 241,$0.27M
328,La vie est belle,(1946),Tous publics,130 min,"Drama, Family, Fantasy","8,6",,
329,Harakiri,(1962),Tous publics,133 min,"Action, Drama, Mystery","8,6",,
330,Sita Ramam,(2022),,163 min,"Action, Drama, Mystery","8,6",,
331,Léon,(1994),12,110 min,"Action, Crime, Drama","8,5",1 186 803,$19.50M
332,Parasite,(2019),Tous publics avec avertissement,132 min,"Drama, Thriller","8,5",850 664,$53.37M
333,Les infiltrés,(2006),Tous publics avec avertissement,151 min,"Crime, Drama, Thriller","8,5",1 353 433,$132.38M
334,Gladiator,(2000),Tous publics avec avertissement,155 min,"Action, Adventure, Drama","8,5",1 533 090,$187.71M
335,Whiplash,(2014),Tous publics,106 min,"Drama, Music","8,5",901 237,$13.09M
336,Le Prestige,(2006),Tous publics,130 min,"Drama, Mystery, Sci-Fi","8,5",1 361 706,$53.09M
337,Le Roi Lion,(1994),Tous publics,88 min,"Animation, Adventure, Drama","8,5",1 082 777,$422.78M
338,Usual Suspects,(1995),Tous publics,106 min,"Crime, Drama, Mystery","8,5",1 102 763,$23.34M
339,Le pianiste,(2002),Tous publics,150 min,"Biography, Drama, Music","8,5",853 992,$32.57M
340,American History X,(1998),12,119 min,"Crime, Drama","8,5",1 141 545,$6.72M
341,Intouchables,(2011),Tous publics,112 min,"Biography, Comedy, Drama","8,5",879 758,$13.18M
342,Casablanca,(1942),Tous publics,102 min,"Drama, Romance, War","8,5",582 530,$1.02M
343,Le tombeau des lucioles,(1988),Tous publics,89 min,"Animation, Drama, War","8,5",,
344,Cinéma Paradiso,(1988),Tous publics,155 min,"Drama, Romance","8,5",267 863,$11.99M
345,Les temps modernes,(1936),Tous publics,87 min,"Comedy, Drama, Romance","8,5",247 883,$0.16M
346,Les lumières de la ville,(1931),Tous publics,87 min,"Comedy, Drama, Romance","8,5",188 279,$0.02M
347,96,(II) (2018),Tous Public,158 min,"Drama, Romance","8,5",,
348,Avengers: Endgame,(2019),Tous publics,181 min,"Action, Adventure, Drama","8,4",1 175 410,$858.37M
349,Joker,(I) (2019),12 avec avertissement,122 min,"Crime, Drama, Thriller","8,4",1 349 046,$335.45M
350,Le voyage de Chihiro,(2001),Tous publics,125 min,"Animation, Adventure, Family","8,6",787 478,$10.06M
351,La vie est belle,(1946),Tous publics,130 min,"Drama, Family, Fantasy","8,6",,
352,Le Roi Lion,(1994),Tous publics,88 min,"Animation, Adventure, Drama","8,5",1 082 777,$422.78M
353,Spider-Man: New Generation,(2018),Tous publics,117 min,"Animation, Action, Adventure","8,4",560 624,$190.24M
354,Coco,(I) (2017),Tous publics,105 min,"Animation, Adventure, Comedy","8,4",531 894,$209.73M
355,WALL·E,(2008),Tous publics,98 min,"Animation, Adventure, Family","8,4",1 140 441,$223.81M
356,Toy Story,(1995),Tous publics,81 min,"Animation, Adventure, Comedy","8,3",1 015 842,$191.80M
357,Là-haut,(2009),Tous publics,96 min,"Animation, Adventure, Comedy","8,3",1 067 109,$293.00M
358,Toy Story 3,(2010),Tous publics,103 min,"Animation, Adventure, Comedy","8,3",853 369,$415.00M
359,Taare Zameen Par,(2007),PG,165 min,"Drama, Family","8,3",197 652,$1.22M
360,Le Kid,(1921),Tous publics,68 min,"Comedy, Drama, Family","8,3",129 098,$5.45M
361,Le château ambulant,(2004),Tous publics,119 min,"Animation, Adventure, Family","8,2",410 497,$4.71M
362,Le Monde de Nemo,(2003),Tous publics,100 min,"Animation, Adventure, Comedy","8,2",1 064 492,$380.84M
363,La légende de Klaus,(2019),7,96 min,"Animation, Adventure, Comedy","8,2",,
364,Les enfants du ciel,(1997),Tous publics,89 min,"Drama, Family, Sport","8,2",76 569,$0.93M
365,Mon père et mon fils,(2005),Tous Public,112 min,"Drama, Family","8,2",,
366,Ratatouille,(2007),Tous publics,111 min,"Animation, Adventure, Comedy","8,1",763 898,$206.45M
367,Harry Potter et les Reliques de la Mort : partie 2,(2011),Tous publics,130 min,"Adventure, Family, Fantasy","8,1",898 557,$381.01M
368,Le magicien d'Oz,(1939),Tous publics,102 min,"Adventure, Family, Fantasy","8,1",409 654,$2.08M
369,Vice-versa,(I) (2015),Tous publics,95 min,"Animation, Adventure, Comedy","8,1",734 398,$356.46M
370,Monstres & Cie,(2001),Tous publics,92 min,"Animation, Adventure, Comedy","8,1",930 114,$289.92M
371,Dragons,(2010),Tous publics,98 min,"Animation, Action, Adventure","8,1",759 575,$217.58M
372,La mélodie du bonheur,(1965),Tous publics,172 min,"Biography, Drama, Family","8,1",244 080,$163.21M
373,Hatchi,(2009),Tous publics,93 min,"Biography, Drama, Family","8,1",,
374,Mon voisin Totoro,(1988),Tous publics,86 min,"Animation, Comedy, Family","8,1",351 604,$1.11M
375,Le géant de fer,(1999),Tous publics,86 min,"Animation, Action, Adventure","8,1",208 262,$23.16M
376,"Les enfants loups, Ame & Yuki",(2012),Tous publics,117 min,"Animation, Drama, Family","8,1",,
377,Chak De! India,(2007),,153 min,"Drama, Family, Sport","8,1",82 160,$1.11M
378,Le cirque,(1928),Tous publics,72 min,"Comedy, Family, Romance","8,1",,
379,Princess Bride,(1987),Tous publics,98 min,"Adventure, Comedy, Family","8,0",435 489,$30.86M
380,Les Indestructibles,(2004),Tous publics,115 min,"Animation, Action, Adventure","8,0",759 433,$261.44M
381,Zootopie,(2016),Tous publics,108 min,"Animation, Adventure, Comedy","8,0",515 017,$341.27M
382,Aladdin,(1992),Tous publics,90 min,"Animation, Adventure, Comedy","8,0",435 318,$217.35M
383,Soul,(2020),6+,100 min,"Animation, Adventure, Comedy","8,0",,
384,La Belle et la Bête,(1991),Tous publics,84 min,"Animation, Family, Fantasy","8,0",463 590,$218.97M
385,Le peuple loup,(2020),Tous publics,103 min,"Animation, Action, Adventure","8,0",,
386,Un violon sur le toit,(1971),Tous Public,181 min,"Drama, Family, Musical","8,0",45 334,$80.50M
387,Le Château dans le ciel,(1986),Tous publics,125 min,"Animation, Adventure, Family","8,0",,
388,Le chant de la mer,(2014),Tous publics,93 min,"Animation, Adventure, Drama","8,0",60 474,$0.86M
389,Le conte de la princesse Kaguya,(2013),Tous publics,137 min,"Animation, Drama, Family","8,0",49 525,$1.51M
390,Le Chat potté 2 : La Dernière Quête,(2022),Tous publics,102 min,"Animation, Adventure, Comedy","7,9",126 780,$168.46M
391,Wonder,(I) (2017),Tous publics,113 min,"Drama, Family","7,9",170 063,$132.42M
392,Harry Potter et le Prisonnier d'Azkaban,(2004),Tous publics,142 min,"Adventure, Family, Fantasy","7,9",654 078,$249.36M
393,Fantastic Mr. Fox,(2009),Tous Public,87 min,"Animation, Adventure, Comedy","7,9",244 378,$21.00M
394,Shrek,(2001),Tous publics,90 min,"Animation, Adventure, Comedy","7,9",698 217,$267.67M
395,E.T. l'extra-terrestre,(1982),Tous publics,115 min,"Adventure, Family, Sci-Fi","7,9",420 121,$435.11M
396,Les dix commandements,(1956),Tous Public,220 min,"Adventure, Drama, Family","7,9",74 253,$93.74M
397,Toy Story 2,(1999),Tous publics,92 min,"Animation, Adventure, Comedy","7,9",594 433,$245.85M
398,L'étrange Noël de monsieur Jack,(1993),Tous publics,76 min,"Animation, Family, Fantasy","7,9",351 048,$75.08M
399,Togo,(2019),Tous Public,113 min,"Adventure, Biography, Drama","7,9",,
400,Le Seigneur des anneaux : Le Retour du roi,(2003),Tous publics avec avertissement,201 min,"Action, Adventure, Drama","9,0",1 883 515,$377.85M
401,Le Seigneur des anneaux : La Communauté de l'anneau,(2001),Tous publics,178 min,"Action, Adventure, Drama","8,8",1 912 302,$315.54M
402,Le Seigneur des anneaux : Les Deux Tours,(2002),Tous publics avec avertissement,179 min,"Action, Adventure, Drama","8,8",1 700 210,$342.55M
403,L'Empire contre-attaque,(1980),Tous publics,124 min,"Action, Adventure, Fantasy","8,7",1 318 505,$290.48M
404,La ligne verte,(1999),12,189 min,"Crime, Drama, Fantasy","8,6",1 332 120,$136.80M
405,Star Wars: Épisode IV - Un nouvel espoir,(1977),Tous publics,121 min,"Action, Adventure, Fantasy","8,6",1 391 036,$322.74M
406,Le voyage de Chihiro,(2001),Tous publics,125 min,"Animation, Adventure, Family","8,6",787 478,$10.06M
407,La vie est belle,(1946),Tous publics,130 min,"Drama, Family, Fantasy","8,6",,
408,Spider-Man: New Generation,(2018),Tous publics,117 min,"Animation, Action, Adventure","8,4",560 624,$190.24M
409,Your Name.,(2016),Tous publics,106 min,"Animation, Drama, Fantasy","8,4",285 185,$5.02M
410,Coco,(I) (2017),Tous publics,105 min,"Animation, Adventure, Comedy","8,4",531 894,$209.73M
411,Le Retour du Jedi,(1983),Tous publics,131 min,"Action, Adventure, Fantasy","8,3",1 075 490,$309.13M
412,Toy Story,(1995),Tous publics,81 min,"Animation, Adventure, Comedy","8,3",1 015 842,$191.80M
413,Princesse Mononoké,(1997),Tous publics,134 min,"Animation, Action, Adventure","8,3",405 758,$2.38M
414,Toy Story 3,(2010),Tous publics,103 min,"Animation, Adventure, Comedy","8,3",853 369,$415.00M
415,Spider-Man: No Way Home,(2021),Tous publics,148 min,"Action, Adventure, Fantasy","8,2",792 747,$804.75M
416,Le château ambulant,(2004),Tous publics,119 min,"Animation, Adventure, Family","8,2",410 497,$4.71M
417,Le labyrinthe de Pan,(2006),12,118 min,"Drama, Fantasy, War","8,2",680 040,$37.63M
418,Monty Python : Sacré Graal !,(1975),Tous publics,91 min,"Adventure, Comedy, Fantasy","8,2",551 022,$1.23M
419,"Demon Slayer - Kimetsu no Yaiba, le film : Le Train de l'Infini",(2020),Tous publics avec avertissement,117 min,"Animation, Action, Adventure","8,2",63 822,$47.70M
420,Tumbbad,(2018),,104 min,"Drama, Fantasy, Horror","8,2",,
421,La légende de Klaus,(2019),7,96 min,"Animation, Adventure, Comedy","8,2",,
422,Pirates des Caraïbes : La malédiction du Black Pearl,(2003),Tous publics,143 min,"Action, Adventure, Fantasy","8,1",1 151 364,$305.41M
423,Ratatouille,(2007),Tous publics,111 min,"Animation, Adventure, Comedy","8,1",763 898,$206.45M
424,Harry Potter et les Reliques de la Mort : partie 2,(2011),Tous publics,130 min,"Adventure, Family, Fantasy","8,1",898 557,$381.01M
425,Le magicien d'Oz,(1939),Tous publics,102 min,"Adventure, Family, Fantasy","8,1",409 654,$2.08M
426,Vice-versa,(I) (2015),Tous publics,95 min,"Animation, Adventure, Comedy","8,1",734 398,$356.46M
427,Monstres & Cie,(2001),Tous publics,92 min,"Animation, Adventure, Comedy","8,1",930 114,$289.92M
428,Dragons,(2010),Tous publics,98 min,"Animation, Action, Adventure","8,1",759 575,$217.58M
429,Mon voisin Totoro,(1988),Tous publics,86 min,"Animation, Comedy, Family","8,1",351 604,$1.11M
430,Le septième sceau,(1957),Tous publics,96 min,"Drama, Fantasy","8,1",,
431,Underground,(1995),,170 min,"Comedy, Drama, Fantasy","8,1",59 570,$0.17M
432,"Les enfants loups, Ame & Yuki",(2012),Tous publics,117 min,"Animation, Drama, Family","8,1",,
433,Le temps des gitans,(1988),,142 min,"Comedy, Crime, Drama","8,1",31 656,$0.28M
434,OMG: Oh My God!,(2012),,125 min,"Comedy, Drama, Fantasy","8,1",60 609,$0.92M
435,Princess Bride,(1987),Tous publics,98 min,"Adventure, Comedy, Family","8,0",435 489,$30.86M
436,Zack Snyder's Justice League,(2021),12,242 min,"Action, Adventure, Fantasy","8,0",,
437,Big Fish,(2003),Tous Public,125 min,"Adventure, Drama, Fantasy","8,0",447 774,$66.26M
438,Aladdin,(1992),Tous publics,90 min,"Animation, Adventure, Comedy","8,0",435 318,$217.35M
439,Soul,(2020),6+,100 min,"Animation, Adventure, Comedy","8,0",,
440,La Belle et la Bête,(1991),Tous publics,84 min,"Animation, Family, Fantasy","8,0",463 590,$218.97M
441,Un jour sans fin,(1993),Tous publics,101 min,"Comedy, Drama, Fantasy","8,0",649 312,$70.91M
442,Akira,(1988),12,124 min,"Animation, Action, Drama","8,0",193 128,$0.55M
443,Le peuple loup,(2020),Tous publics,103 min,"Animation, Action, Adventure","8,0",,
444,Pink Floyd: The Wall,(1982),12,95 min,"Drama, Fantasy, Music","8,0",82 891,$22.24M
445,Le Château dans le ciel,(1986),Tous publics,125 min,"Animation, Adventure, Family","8,0",,
446,Les ailes du désir,(1987),Tous publics,128 min,"Drama, Fantasy, Romance","8,0",73 298,$3.33M
447,Le chant de la mer,(2014),Tous publics,93 min,"Animation, Adventure, Drama","8,0",60 474,$0.86M
448,Le conte de la princesse Kaguya,(2013),Tous publics,137 min,"Animation, Drama, Family","8,0",49 525,$1.51M
449,L'Ange exterminateur,(1962),Tous publics,95 min,"Drama, Fantasy","8,0",,
450,Boulevard du Crépuscule,(1950),Tous publics,110 min,"Drama, Film-Noir","8,4",,
451,Assurance sur la mort,(1944),Tous publics,107 min,"Crime, Drama, Film-Noir","8,3",160 581,$5.72M
452,Le troisième homme,(1949),Tous publics,104 min,"Film-Noir, Mystery, Thriller","8,1",175 143,$0.45M
453,Rebecca,(1940),Tous publics,130 min,"Drama, Film-Noir, Mystery","8,1",140 583,$4.36M
454,Le gouffre aux chimères,(1951),Tous publics,111 min,"Drama, Film-Noir","8,1",37 386,$3.97M
455,L'enfer est à lui,(1949),16,114 min,"Action, Crime, Drama","8,1",,
456,Le faucon maltais,(1941),Tous publics,100 min,"Crime, Film-Noir, Mystery","8,0",162 045,$2.11M
457,La nuit du chasseur,(1955),Tous publics,92 min,"Crime, Drama, Film-Noir","8,0",92 175,$0.65M
458,La griffe du passé,(1947),Tous Public,97 min,"Crime, Drama, Film-Noir","8,0",,
459,La soif du mal,(1958),Tous Public,95 min,"Crime, Drama, Film-Noir","8,0",106 815,$2.24M
460,Le Grand Chantage,(1957),Tous publics,96 min,"Drama, Film-Noir","8,0",,
461,Le roman de Mildred Pierce,(1945),Tous Public,111 min,"Crime, Drama, Film-Noir","7,9",,
462,L'ultime razzia,(1956),Tous publics,84 min,"Crime, Drama, Film-Noir","7,9",,
463,L'Inconnu du Nord-Express,(1951),16,101 min,"Crime, Drama, Film-Noir","7,9",136 719,$7.63M
464,Les enchaînés,(1946),Tous publics,102 min,"Drama, Film-Noir, Romance","7,9",103 515,$10.46M
465,Le grand sommeil,(1946),Tous publics,114 min,"Crime, Film-Noir, Mystery","7,9",87 874,$6.54M
466,Laura,(1944),Tous publics,88 min,"Drama, Film-Noir, Mystery","7,9",49 036,$4.36M
467,Le violent,(1950),12,94 min,"Drama, Film-Noir, Mystery","7,9",,
468,Le poison,(1945),Tous Public,101 min,"Drama, Film-Noir","7,9",38 574,$9.46M
469,Règlement de comptes,(1953),,89 min,"Crime, Film-Noir, Thriller","7,9",,
470,Le port de l'angoisse,(1944),Tous Public,100 min,"Adventure, Comedy, Film-Noir","7,8",,
471,L'ombre d'un doute,(1943),Tous publics,108 min,"Film-Noir, Thriller","7,8",,
472,Quand la ville dort,(1950),16,112 min,"Crime, Drama, Film-Noir","7,8",,
473,Key Largo,(1948),,100 min,"Action, Crime, Drama","7,7",,
474,Scarface,(1932),Tous publics,93 min,"Action, Crime, Drama","7,7",,
475,Gilda,(1946),Tous publics,110 min,"Drama, Film-Noir, Romance","7,6",,
476,La Maison du docteur Edwardes,(1945),Tous publics,111 min,"Film-Noir, Mystery, Romance","7,5",50 144,$7.00M
477,La dame de Shanghai,(1947),,87 min,"Crime, Drama, Film-Noir","7,5",31 641,$0.01M
478,Le faux coupable,(1956),,105 min,"Drama, Film-Noir","7,4",,
479,Soupçons,(1941),Tous publics,99 min,"Film-Noir, Mystery, Thriller","7,3",40 186,$4.50M
480,Le criminel,(1946),Tous Public,95 min,"Crime, Drama, Film-Noir","7,3",,
481,La liste de Schindler,(1993),Tous publics,195 min,"Biography, Drama, History","9,0",1 382 532,$96.90M
482,Braveheart,(1995),Tous publics,178 min,"Biography, Drama, History","8,4",1 054 244,$75.60M
483,Sardar Udham,(2021),16,164 min,"Biography, Crime, Drama","8,4",,
484,Hamilton,(2020),12,160 min,"Biography, Drama, History","8,3",,
485,Ayla,(2017),,125 min,"Biography, Drama, History","8,3",,
486,La chute,(2004),Tous publics avec avertissement,156 min,"Biography, Drama, History","8,2",361 879,$5.51M
487,La Grande Évasion,(1963),Tous publics,172 min,"Adventure, Drama, History","8,2",249 148,$12.10M
488,La passion de Jeanne d'Arc,(1928),Not Rated,110 min,"Biography, Drama, History","8,2",57 157,$0.02M
489,Uri: The Surgical Strike,(2019),,138 min,"Action, Drama, History","8,2",66 889,$4.19M
490,Tu ne tueras point,(2016),12,139 min,"Biography, Drama, History","8,1",547 817,$67.21M
491,Procès de singe,(1960),Tous Public,128 min,"Biography, Drama, History","8,1",,
492,12 Years a Slave,(2013),Tous publics avec avertissement,134 min,"Biography, Drama, History","8,1",714 700,$56.67M
493,Hôtel Rwanda,(2004),Tous Public,121 min,"Biography, Drama, History","8,1",361 493,$23.53M
494,Le message,(1976),Tous Public,177 min,"Biography, Drama, History","8,1",,
495,Andreï Roublev,(1966),,205 min,"Biography, Drama, History","8,1",55 133,$0.10M
496,Le discours d'un roi,(2010),Tous publics,118 min,"Biography, Drama, History","8,0",691 149,$138.80M
497,JFK,(1991),Tous publics,189 min,"Drama, History, Thriller","8,0",161 656,$70.41M
498,Ip man,(2008),12,106 min,"Action, Biography, Drama","8,0",,
499,Gandhi,(1982),Tous publics,191 min,"Biography, Drama, History","8,0",236 063,$52.77M
500,Le Guépard,(1963),Tous publics,186 min,"Drama, History","8,0",,
501,La Voix d'Aida,(2020),Tous publics,101 min,"Drama, History, War","8,0",,
502,Persepolis,(2007),Tous publics,96 min,"Animation, Biography, Drama","8,0",96 987,$4.45M
503,Spartacus,(1960),Tous publics,197 min,"Adventure, Biography, Drama","7,9",138 331,$30.00M
504,All the President's Men,(1976),Tous publics,138 min,"Drama, History, Thriller","7,9",119 893,$70.60M
505,Les dix commandements,(1956),Tous Public,220 min,"Adventure, Drama, Family","7,9",74 253,$93.74M
506,Togo,(2019),Tous Public,113 min,"Adventure, Biography, Drama","7,9",,
507,Lettres d'Iwo Jima,(2006),Tous publics,141 min,"Action, Adventure, Drama","7,9",166 058,$13.76M
508,Le lion en hiver,(1968),Tous publics,134 min,"Biography, Drama, History","7,9",32 549,$22.28M
509,A Taxi Driver,(2017),12,137 min,"Action, Drama, History","7,9",27 205,$1.53M
510,De sang-froid,(1967),12,134 min,"Biography, Crime, Drama","7,9",,
511,Kagemusha : L'Ombre du guerrier,(1980),Tous publics,180 min,"Drama, History, War","7,9",,
512,Le cuirassé Potemkine,(1925),Tous publics,75 min,"Drama, History, Thriller","7,9",59 423,$0.05M
513,Airlift,(2016),Tous publics,130 min,"Action, Drama, History","7,9",,
514,Tombstone,(1993),Tous publics,130 min,"Biography, Drama, History","7,8",155 496,$56.51M
515,Dunkerque,(2017),Tous publics,106 min,"Action, Drama, History","7,8",680 609,$188.37M
516,The Big Short: Le casse du siècle,(2015),Tous publics,130 min,"Biography, Comedy, Drama","7,8",445 851,$70.26M
517,Les Figures de l'ombre,(2016),Tous publics,127 min,"Biography, Drama, History","7,8",240 052,$169.61M
518,L'étoffe des héros,(1983),Tous publics,193 min,"Adventure, Biography, Drama","7,8",63 134,$21.50M
519,Glory,(1989),Tous publics,122 min,"Biography, Drama, History","7,8",138 604,$26.83M
520,N.W.A: Straight Outta Compton,(2015),Tous publics avec avertissement,147 min,"Biography, Drama, History","7,8",208 660,$161.20M
521,La déchirure,(1984),12,141 min,"Biography, Drama, History","7,8",57 149,$34.70M
522,L'échange,(2008),Tous publics,141 min,"Biography, Crime, Drama","7,8",259 670,$35.74M
523,Pride,(I) (2014),Tous publics,119 min,"Biography, Comedy, Drama","7,8",,
524,"Aguirre, la colère de Dieu",(1972),Tous publics,95 min,"Action, Adventure, Biography","7,8",,
525,Les oubliés,(2015),Tous publics avec avertissement,100 min,"Drama, History, War","7,8",43 153,$0.44M
526,The Kerala Story,(2023),,138 min,"Drama, History","7,7",,
527,La chute du faucon noir,(2001),12,144 min,"Action, Drama, History","7,7",406 284,$108.64M
528,Apollo 13,(I) (1995),Tous publics,140 min,"Adventure, Drama, History","7,7",302 847,$173.84M
529,Les Sept de Chicago,(2020),16,129 min,"Drama, History, Thriller","7,7",,
530,Malcolm X,(1992),Tous publics,202 min,"Biography, Drama, History","7,7",97 953,$48.17M
531,Alien - Le 8ème passager,(1979),12,117 min,"Horror, Sci-Fi","8,5",901 600,$78.90M
532,Psychose,(1960),18,109 min,"Horror, Mystery, Thriller","8,5",686 325,$32.00M
533,Shining,(1980),12,146 min,"Drama, Horror","8,4",1 046 806,$44.02M
534,The Thing,(1982),13,109 min,"Horror, Mystery, Sci-Fi","8,2",437 594,$13.78M
535,Tumbbad,(2018),,104 min,"Drama, Fantasy, Horror","8,2",,
536,L'Exorciste,(1973),18,122 min,Horror,"8,1",420 269,$232.91M
537,Les diaboliques,(1955),Tous publics,117 min,"Crime, Drama, Horror","8,1",67 298,$1.09M
538,Rosemary's Baby,(1968),12,137 min,"Drama, Horror","8,0",,
539,Qu'est-il arrivé à Baby Jane?,(1962),12,134 min,"Drama, Horror, Thriller","8,0",58 709,$4.05M
540,Le cabinet du docteur Caligari,(1920),Tous publics,78 min,"Horror, Mystery, Thriller","8,0",,
541,The Blue Elephant,(2014),,170 min,"Drama, Horror, Mystery","8,0",,
542,Shaun of the Dead,(2004),12,99 min,"Comedy, Horror","7,9",570 383,$13.54M
543,Morse,(2008),12,114 min,"Drama, Fantasy, Horror","7,9",221 259,$2.12M
544,Nosferatu le vampire,(1922),Tous publics,94 min,"Fantasy, Horror","7,9",,
545,"King Kong, la huitième merveille du monde",(1933),Tous publics,100 min,"Adventure, Horror, Sci-Fi","7,9",87 774,$10.00M
546,Predator,(1987),12,107 min,"Action, Adventure, Horror","7,8",433 658,$59.74M
547,J'ai rencontré le diable,(2010),16 avec avertissement,144 min,"Action, Crime, Drama","7,8",136 720,$0.13M
548,Zombie : Le Crépuscule des morts-vivants,(1978),X,127 min,"Horror, Thriller","7,8",124 040,$5.10M
549,La Nuit des morts-vivants,(1968),18,96 min,"Horror, Thriller","7,8",133 067,$0.09M
550,Freaks - La monstrueuse parade,(1932),Tous publics,64 min,"Drama, Horror","7,8",48 215,$0.63M
551,Frankenstein,(1931),Tous publics,70 min,"Drama, Horror, Sci-Fi","7,8",,
552,Les Innocents,(1961),12,100 min,Horror,"7,8",31 574,$2.62M
553,La fiancée de Frankenstein,(1935),Tous Public,75 min,"Drama, Horror, Sci-Fi","7,8",50 455,$4.36M
554,Get Out,(I) (2017),12,104 min,"Horror, Mystery, Thriller","7,7",638 857,$176.04M
555,Evil Dead 2,(1987),13,84 min,"Comedy, Horror","7,7",172 503,$5.92M
556,La Nuit des masques,(1978),16,91 min,"Horror, Thriller","7,7",288 232,$47.00M
557,L'invasion des profanateurs de sépultures,(1956),Tous publics,80 min,"Drama, Horror, Sci-Fi","7,7",,
558,American Psycho,(2000),16,102 min,"Crime, Drama, Horror","7,6",653 717,$15.07M
559,Saw,(2004),16 avec avertissement,103 min,"Horror, Mystery, Thriller","7,6",434 435,$56.00M
560,Dernier train pour Busan,(2016),12,118 min,"Action, Horror, Thriller","7,6",233 709,$2.13M
561,Bienvenue à Zombieland,(2009),Tous publics,88 min,"Action, Comedy, Horror","7,6",594 293,$75.59M
562,Les Oiseaux,(1963),13,119 min,"Drama, Horror, Mystery","7,6",195 608,$11.40M
563,La Mouche,(1986),13,96 min,"Drama, Horror, Sci-Fi","7,6",190 546,$40.46M
564,Les autres,(2001),12,101 min,"Horror, Mystery, Thriller","7,6",376 075,$96.52M
565,Vampires en toute intimité,(2014),Tous publics,86 min,"Comedy, Horror","7,6",189 882,$3.33M
566,La piel que habito,(2011),Tous publics,120 min,"Drama, Horror, Mystery","7,6",158 004,$3.19M
567,Les yeux sans visage,(1960),16,90 min,"Drama, Horror","7,6",33 187,$0.05M
568,Répulsion,(1965),16,105 min,"Drama, Horror, Thriller","7,6",,
569,Le voyeur,(1960),Tous publics,101 min,"Drama, Horror, Thriller","7,6",37 100,$0.08M
570,Ne coupez pas!,(2017),Tous publics avec avertissement,96 min,"Comedy, Drama, Horror","7,6",,
571,L'Homme invisible,(1933),Tous publics,71 min,"Horror, Sci-Fi","7,6",,
572,Vampire Hunter D: Bloodlust,(2000),Tous publics,103 min,"Animation, Action, Drama","7,6",33 401,$0.15M
573,Conjuring: Les dossiers Warren,(2013),12,112 min,"Horror, Mystery, Thriller","7,5",523 735,$137.40M
574,The Wicker Man,(1973),Tous publics avec avertissement,88 min,"Horror, Mystery, Thriller","7,5",84 776,$0.06M
575,Sans un bruit,(2018),12,90 min,"Drama, Horror, Sci-Fi","7,5",547 922,$188.02M
576,The Crow,(1994),16,102 min,"Action, Crime, Drama","7,5",190 038,$50.69M
577,28 jours plus tard,(2002),16,113 min,"Drama, Horror, Sci-Fi","7,5",424 415,$45.06M
578,Entretien avec un vampire,(1994),12,123 min,"Drama, Fantasy, Horror","7,5",332 134,$105.26M
579,Le Loup-garou de Londres,(1981),13,97 min,"Comedy, Horror","7,5",112 602,$30.57M
580,Braindead,(1992),16,104 min,"Comedy, Fantasy, Horror","7,5",99 924,$0.24M
581,Whiplash,(2014),Tous publics,106 min,"Drama, Music","8,5",901 237,$13.09M
582,Le pianiste,(2002),Tous publics,150 min,"Biography, Drama, Music","8,5",853 992,$32.57M
583,Coco,(I) (2017),Tous publics,105 min,"Animation, Adventure, Comedy","8,4",531 894,$209.73M
584,Amadeus,(1984),Tous publics,160 min,"Biography, Drama, Music","8,4",409 107,$51.97M
585,Green Book: Sur les routes du sud,(2018),Tous publics,130 min,"Biography, Comedy, Drama","8,2",517 122,$85.08M
586,Certains l'aiment chaud,(1959),12,121 min,"Comedy, Music, Romance","8,2",272 709,$25.00M
587,Les chaussons rouges,(1948),Tous Public,135 min,"Drama, Music, Romance","8,1",36 752,$10.90M
588,"Adieu, ma concubine",(1993),Tous publics,171 min,"Drama, Music, Romance","8,1",30 739,$5.22M
589,Sonate d'automne,(1978),Tous publics,99 min,"Drama, Music","8,1",,
590,CODA,(2021),13,111 min,"Comedy, Drama, Music","8,0",,
591,La La Land,(2016),Tous publics,128 min,"Comedy, Drama, Music","8,0",613 707,$151.10M
592,Soul,(2020),6+,100 min,"Animation, Adventure, Comedy","8,0",,
593,Pink Floyd: The Wall,(1982),12,95 min,"Drama, Fantasy, Music","8,0",82 891,$22.24M
594,La légende du pianiste sur l'océan,(1998),Tous publics,169 min,"Drama, Music, Romance","8,0",66 487,$0.26M
595,Presque célèbre,(2000),Tous publics,122 min,"Adventure, Comedy, Drama","7,9",283 162,$32.53M
596,Bohemian Rhapsody,(2018),Tous publics,134 min,"Biography, Drama, Music","7,9",554 858,$216.43M
597,Spinal Tap,(1984),Tous publics,82 min,"Comedy, Music","7,9",142 675,$4.74M
598,Les Blues Brothers,(1980),Tous publics,133 min,"Action, Adventure, Comedy","7,9",205 580,$57.23M
599,Sing Street,(2016),Tous publics,106 min,"Comedy, Drama, Music","7,9",97 131,$3.24M
600,Trois couleurs: Bleu,(1993),Tous publics,94 min,"Drama, Music, Mystery","7,9",105 864,$1.32M
601,Gully Boy,(2019),,154 min,"Drama, Music, Romance","7,9",41 227,$5.57M
602,Walk the Line,(2005),Tous publics,136 min,"Biography, Drama, Music","7,8",257 009,$119.52M
603,N.W.A: Straight Outta Compton,(2015),Tous publics avec avertissement,147 min,"Biography, Drama, History","7,8",208 660,$161.20M
604,Once,(I) (2007),Tous publics,86 min,"Drama, Music, Romance","7,8",118 696,$9.44M
605,Cabaret,(1972),Tous publics,124 min,"Drama, Music, Musical","7,8",57 037,$42.77M
606,Que le spectacle commence...,(1979),Tous publics,123 min,"Drama, Music, Musical","7,8",33 369,$37.82M
607,Les choristes,(2004),Tous publics,97 min,"Comedy, Drama, Music","7,8",64 494,$3.64M
608,Une nuit à l'opéra,(1935),Tous Public,96 min,"Comedy, Music, Musical","7,8",33 662,$2.54M
609,Secret Superstar,(2017),Tous publics,150 min,"Drama, Music","7,8",,
610,O' Brother,(2000),Tous publics,107 min,"Adventure, Comedy, Crime","7,7",319 579,$45.51M
611,Sound of Metal,(2019),Tous publics,120 min,"Drama, Music","7,7",,
612,Ray,(I) (2004),Tous publics,152 min,"Biography, Drama, Music","7,7",151 770,$75.33M
613,Billy Elliot,(2000),Tous publics,110 min,"Drama, Music","7,7",138 273,$22.00M
614,Fantasia,(1940),Tous publics,124 min,"Animation, Family, Fantasy","7,7",99 591,$76.41M
615,Hedwig and the Angry Inch,(2001),Tous publics,95 min,"Comedy, Drama, Music","7,7",36 445,$3.03M
616,La double vie de Véronique,(1991),R,98 min,"Drama, Fantasy, Music","7,7",50 642,$2.00M
617,Alabama Monroe,(2012),Tous publics,111 min,"Drama, Music, Romance","7,7",41 986,$0.18M
618,Les triplettes de Belleville,(2003),Tous publics,80 min,"Animation, Adventure, Comedy","7,7",55 670,$7.00M
619,Rockstar,(2011),,159 min,"Drama, Music, Romance","7,7",46 228,$0.99M
620,Joyeux Noël,(2005),Tous publics,116 min,"Drama, History, Music","7,7",30 752,$1.05M
621,Baby Driver,(2017),Tous publics avec avertissement,113 min,"Action, Crime, Drama","7,6",564 723,$107.83M
622,A Star is Born,(2018),Tous publics,136 min,"Drama, Music, Romance","7,6",396 843,$215.29M
623,Les Commitments,(1991),R,118 min,"Comedy, Drama, Music","7,6",36 890,$14.92M
624,Nashville,(1975),Tous publics,160 min,"Comedy, Drama, Music","7,6",27 328,$14.82M
625,Control,(2007),Tous publics,122 min,"Biography, Drama, Music","7,6",66 889,$0.87M
626,La Môme,(2007),Tous publics,140 min,"Biography, Drama, Music","7,6",88 767,$10.30M
627,Shine,(1996),Tous publics,105 min,"Biography, Drama, Music","7,6",55 261,$35.81M
628,Le violon rouge,(1998),Tous publics,140 min,"Drama, Music, Mystery","7,6",33 724,$9.47M
629,Tár,(2022),Tous publics,158 min,"Drama, Music","7,5",,
630,La Pianiste,(2001),16,131 min,"Drama, Music","7,5",67 518,$1.90M
631,Le Roi Lion,(1994),Tous publics,88 min,"Animation, Adventure, Drama","8,5",1 082 777,$422.78M
632,Hamilton,(2020),12,160 min,"Biography, Drama, History","8,3",,
633,Chantons sous la pluie,(1952),Tous publics,103 min,"Comedy, Musical, Romance","8,3",248 483,$8.82M
634,On ne vit qu'une seule fois,(2011),,155 min,"Comedy, Drama, Musical","8,2",81 196,$3.11M
635,"Swades: Nous, le peuple",(2004),,210 min,"Drama, Musical","8,2",93 502,$1.22M
636,Le magicien d'Oz,(1939),Tous publics,102 min,"Adventure, Family, Fantasy","8,1",409 654,$2.08M
637,La mélodie du bonheur,(1965),Tous publics,172 min,"Biography, Drama, Family","8,1",244 080,$163.21M
638,Lagaan,(2001),Tous publics,224 min,"Drama, Musical, Sport","8,1",116 802,$0.07M
639,Sholay,(1975),,204 min,"Action, Adventure, Comedy","8,1",,
640,Anand,(1971),,122 min,"Drama, Musical","8,1",,
641,La La Land,(2016),Tous publics,128 min,"Comedy, Drama, Music","8,0",613 707,$151.10M
642,Aladdin,(1992),Tous publics,90 min,"Animation, Adventure, Comedy","8,0",435 318,$217.35M
643,La Belle et la Bête,(1991),Tous publics,84 min,"Animation, Family, Fantasy","8,0",463 590,$218.97M
644,Un violon sur le toit,(1971),Tous Public,181 min,"Drama, Family, Musical","8,0",45 334,$80.50M
645,Les Blues Brothers,(1980),Tous publics,133 min,"Action, Adventure, Comedy","7,9",205 580,$57.23M
646,L'étrange Noël de monsieur Jack,(1993),Tous publics,76 min,"Animation, Family, Fantasy","7,9",351 048,$75.08M
647,Dancer in the Dark,(2000),Tous publics,140 min,"Crime, Drama, Musical","7,9",112 881,$4.18M
648,New York masala,(2003),Tous publics,186 min,"Comedy, Drama, Musical","7,9",71 790,$1.79M
649,Willy Wonka au pays enchanté,(1971),Tous publics,100 min,"Family, Fantasy, Musical","7,8",208 872,$4.00M
650,Mary Poppins,(1964),Tous publics,139 min,"Comedy, Family, Fantasy","7,8",178 142,$102.27M
651,My Fair Lady,(1964),Tous Public,170 min,"Drama, Family, Musical","7,8",98 322,$72.00M
652,Cabaret,(1972),Tous publics,124 min,"Drama, Music, Musical","7,8",57 037,$42.77M
653,Que le spectacle commence...,(1979),Tous publics,123 min,"Drama, Music, Musical","7,8",33 369,$37.82M
654,Les parapluies de Cherbourg,(1964),Tous publics,91 min,"Drama, Musical, Romance","7,8",29 083,$0.03M
655,Soupe au canard,(1933),Tous publics,69 min,"Comedy, Musical","7,8",,
656,Une nuit à l'opéra,(1935),Tous Public,96 min,"Comedy, Music, Musical","7,8",33 662,$2.54M
657,Veer-Zaara,(2004),7,192 min,"Drama, Family, Musical","7,8",54 837,$2.92M
658,Raiponce,(2010),Tous publics,100 min,"Animation, Adventure, Comedy","7,7",467 981,$200.82M
659,"South Park, le film - Plus long, plus grand et pas coupé",(1999),12,81 min,"Animation, Comedy, Fantasy","7,7",209 481,$52.04M
660,Fantasia,(1940),Tous publics,124 min,"Animation, Family, Fantasy","7,7",99 591,$76.41M
661,Hedwig and the Angry Inch,(2001),Tous publics,95 min,"Comedy, Drama, Music","7,7",36 445,$3.03M
662,Noël chez les Muppets,(1992),Tous Public,85 min,"Comedy, Drama, Family","7,7",64 070,$27.28M
663,La petite sirène,(1989),Tous publics,83 min,"Animation, Adventure, Family","7,6",272 226,$111.54M
664,Vaiana : La Légende du bout du monde,(I) (2016),Tous publics,107 min,"Animation, Adventure, Comedy","7,6",350 390,$248.76M
665,Pinocchio,(2022),7,117 min,"Animation, Drama, Family","7,6",,
666,Moulin Rouge,(2001),Tous publics,127 min,"Drama, Musical, Romance","7,6",290 981,$57.39M
667,Mulan,(1998),Tous publics,87 min,"Animation, Adventure, Comedy","7,6",298 339,$120.62M
668,West Side Story,(1961),Tous publics,153 min,"Crime, Drama, Musical","7,6",117 273,$43.66M
669,Le Livre de la jungle,(1967),Tous publics,78 min,"Animation, Adventure, Comedy","7,6",189 595,$141.84M
670,Blanche-Neige et les sept nains,(1937),Tous publics,83 min,"Animation, Adventure, Family","7,6",205 581,$184.93M
671,Les Muppets : Ça c'est du cinéma !,(1979),Tous Public,95 min,"Adventure, Comedy, Family","7,6",37 481,$76.66M
672,Baazigar,(1993),,175 min,"Crime, Drama, Musical","7,6",,
673,The Greatest Showman,(2017),Tous publics,105 min,"Biography, Drama, Musical","7,5",292 133,$174.34M
674,Les Misérables,(2012),Tous publics,158 min,"Drama, Musical, Romance","7,5",336 102,$148.81M
675,"tick, tick... Boom!",(2021),13,120 min,"Biography, Comedy, Drama","7,5",,
676,Robin des Bois,(1973),Tous publics,83 min,"Animation, Adventure, Comedy","7,5",132 208,$32.06M
677,Hair,(1979),Tous publics,121 min,"Comedy, Drama, Musical","7,5",38 781,$15.28M
678,Pinocchio,(1940),Tous publics,88 min,"Animation, Adventure, Comedy","7,5",152 467,$84.25M
679,"Monty Python, le sens de la vie",(1983),Tous publics,107 min,"Comedy, Musical","7,5",122 294,$14.93M
680,Les aventures de Winnie l'ourson,(1977),Tous Public,74 min,"Animation, Adventure, Comedy","7,5",,
681,Aynabaji,(2016),,147 min,"Crime, Mystery, Thriller","9,0",,
682,Jai Bhim,(2021),,164 min,"Crime, Drama, Mystery","8,8",,
683,La ligne verte,(1999),12,189 min,"Crime, Drama, Fantasy","8,6",1 332 120,$136.80M
684,Seven,(1995),12,127 min,"Crime, Drama, Mystery","8,6",1 693 649,$100.13M
685,Le voyage de Chihiro,(2001),Tous publics,125 min,"Animation, Adventure, Family","8,6",787 478,$10.06M
686,Harakiri,(1962),Tous publics,133 min,"Action, Drama, Mystery","8,6",,
687,Sita Ramam,(2022),,163 min,"Action, Drama, Mystery","8,6",,
688,Le Prestige,(2006),Tous publics,130 min,"Drama, Mystery, Sci-Fi","8,5",1 361 706,$53.09M
689,Usual Suspects,(1995),Tous publics,106 min,"Crime, Drama, Mystery","8,5",1 102 763,$23.34M
690,Psychose,(1960),18,109 min,"Horror, Mystery, Thriller","8,5",686 325,$32.00M
691,Fenêtre sur cour,(1954),Tous publics,112 min,"Mystery, Thriller","8,5",501 078,$36.76M
692,Old Boy,(2003),16,120 min,"Action, Drama, Mystery","8,4",594 853,$0.71M
693,Apocalypse Now,(1979),Tous publics avec avertissement,147 min,"Drama, Mystery, War","8,4",681 059,$83.47M
694,Memento,(2000),Tous publics,113 min,"Mystery, Thriller","8,4",1 261 320,$25.54M
695,Coco,(I) (2017),Tous publics,105 min,"Animation, Adventure, Comedy","8,4",531 894,$209.73M
696,La vie des autres,(2006),Tous publics,137 min,"Drama, Mystery, Thriller","8,4",396 157,$11.29M
697,Témoin à charge,(1957),Tous publics,116 min,"Crime, Drama, Mystery","8,4",129 227,$8.18M
698,Entre le ciel et l'enfer,(1963),Tous publics,143 min,"Crime, Drama, Mystery","8,4",,
699,Incendies,(2010),Tous publics avec avertissement,131 min,"Drama, Mystery","8,3",183 402,$6.86M
700,Sueurs froides,(1958),Tous publics,128 min,"Mystery, Romance, Thriller","8,3",410 288,$3.20M
701,Citizen Kane,(1941),Tous publics,119 min,"Drama, Mystery","8,3",449 990,$1.59M
702,La mort aux trousses,(1959),Tous publics,136 min,"Action, Adventure, Mystery","8,3",334 096,$13.28M
703,M le maudit,(1931),Tous publics,118 min,"Crime, Mystery, Thriller","8,3",161 461,$0.03M
704,Assurance sur la mort,(1944),Tous publics,107 min,"Crime, Drama, Film-Noir","8,3",160 581,$5.72M
705,Ratsasan,(2018),,170 min,"Action, Crime, Drama","8,3",,
706,Shutter Island,(2010),12,138 min,"Mystery, Thriller","8,2",1 357 010,$128.01M
707,The Father,(I) (2020),Tous publics,97 min,"Drama, Mystery","8,2",,
708,The Thing,(1982),13,109 min,"Horror, Mystery, Sci-Fi","8,2",437 594,$13.78M
709,Sixième sens,(1999),12,107 min,"Drama, Mystery, Thriller","8,2",1 009 540,$293.51M
710,Chinatown,(1974),12,130 min,"Drama, Mystery, Thriller","8,2",334 131,$8.49M
711,L.A. Confidential,(1997),Tous publics,138 min,"Crime, Drama, Mystery","8,2",592 351,$64.62M
712,Dans ses yeux,(2009),Tous publics,129 min,"Drama, Mystery, Romance","8,2",213 796,$6.39M
713,Drishyam 2,(2022),13,140 min,"Crime, Drama, Mystery","8,2",,
714,Rashomon,(1950),Tous Public,88 min,"Crime, Drama, Mystery","8,2",172 437,$0.10M
715,Drishyam,(2015),18,163 min,"Crime, Drama, Mystery","8,2",88 293,$0.74M
716,Andhadhun,(2018),,139 min,"Crime, Mystery, Thriller","8,2",96 902,$1.37M
717,Prisoners,(2013),12,153 min,"Crime, Drama, Mystery","8,1",743 369,$61.00M
718,Les Dents de la mer,(1975),13,124 min,"Adventure, Mystery, Thriller","8,1",622 341,$260.00M
719,Gone Girl,(2014),Tous publics avec avertissement,149 min,"Drama, Mystery, Thriller","8,1",1 006 594,$167.77M
720,Harry Potter et les Reliques de la Mort : partie 2,(2011),Tous publics,130 min,"Adventure, Family, Fantasy","8,1",898 557,$381.01M
721,Memories of Murder,(2003),Tous publics,131 min,"Crime, Drama, Mystery","8,1",195 037,$0.01M
722,Le troisième homme,(1949),Tous publics,104 min,"Film-Noir, Mystery, Thriller","8,1",175 143,$0.45M
723,Rebecca,(1940),Tous publics,130 min,"Drama, Film-Noir, Mystery","8,1",140 583,$4.36M
724,Trois couleurs: Rouge,(1994),Tous publics,99 min,"Drama, Mystery, Romance","8,1",106 166,$4.04M
725,Les diaboliques,(1955),Tous publics,117 min,"Crime, Drama, Horror","8,1",67 298,$1.09M
726,The Tashkent Files,(2019),,134 min,"Drama, Mystery, Thriller","8,1",,
727,A Wednesday,(2008),,104 min,"Action, Crime, Drama","8,1",,
728,Guilty,(2015),,132 min,"Crime, Drama, Mystery","8,1",36 414,$0.34M
729,Article 15,(2019),,130 min,"Crime, Drama, Mystery","8,1",,
730,Kahaani,(2012),,122 min,"Mystery, Thriller","8,1",63 966,$1.04M
731,Forrest Gump,(1994),Tous publics,142 min,"Drama, Romance","8,8",2 131 456,$330.25M
732,La vie est belle,(1997),Tous publics,116 min,"Comedy, Drama, Romance","8,6",709 849,$57.60M
733,La vie est belle,(1946),Tous publics,130 min,"Drama, Family, Fantasy","8,6",,
734,Sita Ramam,(2022),,163 min,"Action, Drama, Mystery","8,6",,
735,Casablanca,(1942),Tous publics,102 min,"Drama, Romance, War","8,5",582 530,$1.02M
736,Cinéma Paradiso,(1988),Tous publics,155 min,"Drama, Romance","8,5",267 863,$11.99M
737,Les temps modernes,(1936),Tous publics,87 min,"Comedy, Drama, Romance","8,5",247 883,$0.16M
738,Les lumières de la ville,(1931),Tous publics,87 min,"Comedy, Drama, Romance","8,5",188 279,$0.02M
739,96,(II) (2018),Tous Public,158 min,"Drama, Romance","8,5",,
740,Your Name.,(2016),Tous publics,106 min,"Animation, Drama, Fantasy","8,4",285 185,$5.02M
741,Dil Bechara,(2020),,101 min,"Comedy, Drama, Romance","8,4",,
742,Will Hunting,(1997),Tous publics,126 min,"Drama, Romance","8,3",1 001 167,$138.43M
743,Eternal Sunshine of the Spotless Mind,(2004),Tous publics,108 min,"Drama, Romance, Sci-Fi","8,3",1 029 459,$34.40M
744,Chantons sous la pluie,(1952),Tous publics,103 min,"Comedy, Musical, Romance","8,3",248 483,$8.82M
745,Le fabuleux destin d'Amélie Poulain,(2001),Tous publics,122 min,"Comedy, Romance","8,3",768 701,$33.23M
746,Sueurs froides,(1958),Tous publics,128 min,"Mystery, Romance, Thriller","8,3",410 288,$3.20M
747,La garçonnière,(1960),Tous publics,125 min,"Comedy, Drama, Romance","8,3",186 259,$18.60M
748,Chhichhore,(2019),,143 min,"Comedy, Drama, Romance","8,3",57 577,$0.90M
749,Autant en emporte le vent,(1939),Tous publics,238 min,"Drama, Romance, War","8,2",321 986,$198.68M
750,Certains l'aiment chaud,(1959),12,121 min,"Comedy, Music, Romance","8,2",272 709,$25.00M
751,Dans ses yeux,(2009),Tous publics,129 min,"Drama, Mystery, Romance","8,2",213 796,$6.39M
752,On ne vit qu'une seule fois,(2011),,155 min,"Comedy, Drama, Musical","8,2",81 196,$3.11M
753,Jeu dangereux,(1942),Tous publics,99 min,"Comedy, Romance, War","8,2",,
754,Sherlock Junior,(1924),Tous publics,45 min,"Action, Comedy, Romance","8,2",52 260,$0.98M
755,Mademoiselle,(2016),12 avec avertissement,145 min,"Drama, Romance, Thriller","8,1",156 411,$2.01M
756,Before Sunrise,(1995),Tous publics,101 min,"Drama, Romance","8,1",319 588,$5.54M
757,La mélodie du bonheur,(1965),Tous publics,172 min,"Biography, Drama, Family","8,1",244 080,$163.21M
758,In the Mood for Love,(2000),Tous publics,98 min,"Drama, Romance","8,1",156 350,$2.73M
759,Before Sunset,(2004),Tous publics,80 min,"Drama, Romance","8,1",273 238,$5.82M
760,Rebecca,(1940),Tous publics,130 min,"Drama, Film-Noir, Mystery","8,1",140 583,$4.36M
761,Trois couleurs: Rouge,(1994),Tous publics,99 min,"Drama, Mystery, Romance","8,1",106 166,$4.04M
762,New York - Miami,(1934),Tous publics,105 min,"Comedy, Romance","8,1",107 051,$4.36M
763,Les Plus Belles Années de notre vie,(1946),Tous publics,170 min,"Drama, Romance, War","8,1",66 955,$23.65M
764,Une femme sous influence,(1974),Tous publics,155 min,"Drama, Romance","8,1",26 695,$13.34M
765,Les fraises sauvages,(1957),Tous publics,91 min,"Drama, Romance","8,1",,
766,Les chaussons rouges,(1948),Tous Public,135 min,"Drama, Music, Romance","8,1",36 752,$10.90M
767,"Adieu, ma concubine",(1993),Tous publics,171 min,"Drama, Music, Romance","8,1",30 739,$5.22M
768,Yi yi,(2000),Tous publics,173 min,"Drama, Romance","8,1",26 146,$1.14M
769,Barfi!,(2012),,151 min,"Comedy, Drama, Romance","8,1",83 908,$2.80M
770,Dil Chahta Hai,(2001),Tous publics,183 min,"Comedy, Drama, Romance","8,1",73 723,$0.30M
771,La ruée vers l'or,(1925),Tous publics,95 min,"Adventure, Comedy, Drama","8,1",113 713,$5.45M
772,L'aurore,(1927),Tous publics,94 min,"Drama, Romance","8,1",52 279,$0.54M
773,Épouses et concubines,(1991),Tous Public,125 min,"Drama, Romance","8,1",33 881,$2.60M
774,Le cirque,(1928),Tous publics,72 min,"Comedy, Family, Romance","8,1",,
775,Princess Bride,(1987),Tous publics,98 min,"Adventure, Comedy, Family","8,0",435 489,$30.86M
776,Her,(2013),Tous publics,126 min,"Drama, Romance, Sci-Fi","8,0",634 464,$25.57M
777,La La Land,(2016),Tous publics,128 min,"Comedy, Drama, Music","8,0",613 707,$151.10M
778,Le lauréat,(1967),Tous publics,106 min,"Comedy, Drama, Romance","8,0",279 608,$104.95M
779,Big Fish,(2003),Tous Public,125 min,"Adventure, Drama, Fantasy","8,0",447 774,$66.26M
780,Aladdin,(1992),Tous publics,90 min,"Animation, Adventure, Comedy","8,0",435 318,$217.35M
781,Inception,(2010),Tous publics,148 min,"Action, Adventure, Sci-Fi","8,8",2 407 554,$292.58M
782,Matrix,(1999),Tous publics avec avertissement,136 min,"Action, Sci-Fi","8,7",1 953 794,$171.48M
783,L'Empire contre-attaque,(1980),Tous publics,124 min,"Action, Adventure, Fantasy","8,7",1 318 505,$290.48M
784,Interstellar,(2014),Tous publics,169 min,"Adventure, Drama, Sci-Fi","8,6",1 903 425,$188.02M
785,Star Wars: Épisode IV - Un nouvel espoir,(1977),Tous publics,121 min,"Action, Adventure, Fantasy","8,6",1 391 036,$322.74M
786,Terminator 2 : Le jugement dernier,(1991),12,137 min,"Action, Sci-Fi","8,6",1 121 010,$204.84M
787,Retour vers le futur,(1985),Tous publics,116 min,"Adventure, Comedy, Sci-Fi","8,5",1 235 665,$210.61M
788,Alien - Le 8ème passager,(1979),12,117 min,"Horror, Sci-Fi","8,5",901 600,$78.90M
789,Le Prestige,(2006),Tous publics,130 min,"Drama, Mystery, Sci-Fi","8,5",1 361 706,$53.09M
790,Avengers: Endgame,(2019),Tous publics,181 min,"Action, Adventure, Drama","8,4",1 175 410,$858.37M
791,Spider-Man: New Generation,(2018),Tous publics,117 min,"Animation, Action, Adventure","8,4",560 624,$190.24M
792,Avengers: Infinity War,(2018),Tous publics,149 min,"Action, Adventure, Sci-Fi","8,4",1 119 126,$678.82M
793,Aliens : Le Retour,(1986),13,137 min,"Action, Adventure, Sci-Fi","8,4",731 338,$85.16M
794,WALL·E,(2008),Tous publics,98 min,"Animation, Adventure, Family","8,4",1 140 441,$223.81M
795,Les Gardiens de la Galaxie 3,(2023),Tous publics,150 min,"Action, Adventure, Comedy","8,3",,
796,Le Retour du Jedi,(1983),Tous publics,131 min,"Action, Adventure, Fantasy","8,3",1 075 490,$309.13M
797,Eternal Sunshine of the Spotless Mind,(2004),Tous publics,108 min,"Drama, Romance, Sci-Fi","8,3",1 029 459,$34.40M
798,Orange mécanique,(1971),18,136 min,"Crime, Sci-Fi","8,3",846 488,$6.21M
799,2001 : L'Odyssée de l'espace,(1968),Tous publics,149 min,"Adventure, Sci-Fi","8,3",684 023,$56.95M
800,Metropolis,(1927),Tous publics,153 min,"Drama, Sci-Fi","8,3",178 006,$1.24M
801,Spider-Man: No Way Home,(2021),Tous publics,148 min,"Action, Adventure, Fantasy","8,2",792 747,$804.75M
802,Jurassic Park,(1993),Tous publics,127 min,"Action, Adventure, Sci-Fi","8,2",1 011 906,$402.45M
803,The Thing,(1982),13,109 min,"Horror, Mystery, Sci-Fi","8,2",437 594,$13.78M
804,V pour vendetta,(2005),Tous publics avec avertissement,132 min,"Action, Drama, Sci-Fi","8,2",1 139 284,$70.51M
805,Mad Max: Fury Road,(2015),Tous publics avec avertissement,120 min,"Action, Adventure, Sci-Fi","8,1",1 027 808,$154.06M
806,Blade Runner,(1982),Tous publics avec avertissement,117 min,"Action, Drama, Sci-Fi","8,1",786 477,$32.87M
807,Terminator,(1984),13,107 min,"Action, Sci-Fi","8,1",883 784,$38.40M
808,Logan,(2017),12 avec avertissement,137 min,"Action, Drama, Sci-Fi","8,1",785 463,$226.28M
809,Stalker,(1979),Tous publics,162 min,"Drama, Sci-Fi","8,1",138 179,$0.23M
810,Le géant de fer,(1999),Tous publics,86 min,"Animation, Action, Adventure","8,1",208 262,$23.16M
811,Neon Genesis Evangelion: The End of Evangelion,(1997),12,87 min,"Animation, Action, Drama","8,1",,
812,P.K.,(2014),13,153 min,"Comedy, Drama, Sci-Fi","8,1",192 808,$10.62M
813,Les Gardiens de la Galaxie,(2014),Tous publics,121 min,"Action, Adventure, Comedy","8,0",1 210 344,$333.18M
814,Dune,(2021),Tous publics,155 min,"Action, Adventure, Drama","8,0",672 576,$108.33M
815,Blade Runner 2049,(2017),Tous publics avec avertissement,164 min,"Action, Drama, Mystery","8,0",601 481,$92.05M
816,Avengers,(2012),Tous publics,143 min,"Action, Sci-Fi","8,0",1 413 659,$623.28M
817,Her,(2013),Tous publics,126 min,"Drama, Romance, Sci-Fi","8,0",634 464,$25.57M
818,Seul sur Mars,(2015),Tous publics,144 min,"Adventure, Drama, Sci-Fi","8,0",877 454,$228.43M
819,Zack Snyder's Justice League,(2021),12,242 min,"Action, Adventure, Fantasy","8,0",,
820,Donnie Darko,(2001),Tous publics,113 min,"Drama, Mystery, Sci-Fi","8,0",818 238,$1.48M
821,L'Armée des 12 singes,(1995),Tous publics avec avertissement,129 min,"Mystery, Sci-Fi, Thriller","8,0",628 655,$57.14M
822,La Planète des singes,(1968),13,112 min,"Adventure, Sci-Fi","8,0",184 979,$33.40M
823,Akira,(1988),12,124 min,"Animation, Action, Drama","8,0",193 128,$0.55M
824,Nausicaä de la vallée du vent,(1984),Tous publics,117 min,"Animation, Adventure, Sci-Fi","8,0",173 730,$0.50M
825,Solaris,(1972),Tous publics,167 min,"Drama, Mystery, Sci-Fi","8,0",,
826,G.O.R.A.,(2004),,127 min,"Adventure, Comedy, Sci-Fi","8,0",,
827,Everything Everywhere All at Once,(2022),Tous publics,139 min,"Action, Adventure, Comedy","7,9",442 867,$72.86M
828,Avatar,(2009),Tous publics,162 min,"Action, Adventure, Fantasy","7,9",1 340 381,$760.51M
829,Iron Man,(2008),Tous publics,126 min,"Action, Adventure, Sci-Fi","7,9",1 080 319,$318.41M
830,Premier contact,(II) (2016),Tous publics,116 min,"Drama, Mystery, Sci-Fi","7,9",717 109,$100.55M
831,Dangal,(2016),Tous publics,161 min,"Action, Biography, Drama","8,3",196 875,$12.39M
832,Warrior,(2011),Tous publics,140 min,"Action, Drama, Sport","8,2",481 185,$13.66M
833,Les enfants du ciel,(1997),Tous publics,89 min,"Drama, Family, Sport","8,2",76 569,$0.93M
834,Bhaag Milkha Bhaag,(2013),,186 min,"Biography, Drama, Sport","8,2",69 701,$1.63M
835,Paan Singh Tomar,(2012),,135 min,"Action, Biography, Crime","8,2",37 009,$0.04M
836,Le Mans '66,(2019),Tous publics,152 min,"Action, Biography, Drama","8,1",416 288,$117.62M
837,Rocky,(1976),Tous publics,120 min,"Drama, Sport","8,1",597 048,$117.24M
838,Million Dollar Baby,(2004),Tous publics,132 min,"Drama, Sport","8,1",699 106,$100.49M
839,Rush,(I) (2013),Tous publics,123 min,"Action, Biography, Drama","8,1",490 232,$26.95M
840,Raging Bull,(1980),12,129 min,"Biography, Drama, Sport","8,1",362 456,$23.38M
841,Lagaan,(2001),Tous publics,224 min,"Drama, Musical, Sport","8,1",116 802,$0.07M
842,Chak De! India,(2007),,153 min,"Drama, Family, Sport","8,1",82 160,$1.11M
843,De l'ombre à la lumière,(2005),Tous publics,144 min,"Biography, Drama, Romance","8,0",192 108,$61.65M
844,L'Arnaqueur,(1961),Tous publics,134 min,"Drama, Sport","8,0",84 062,$8.28M
845,The Wrestler,(2008),Tous publics,109 min,"Drama, Sport","7,9",312 633,$26.24M
846,M.S. Dhoni: The Untold Story,(2016),,184 min,"Biography, Drama, Sport","7,9",62 747,$1.78M
847,Le plus beau des combats,(2000),Tous publics,113 min,"Biography, Drama, Sport","7,8",221 897,$115.65M
848,Le gang des champions,(1993),Tous publics,101 min,"Comedy, Drama, Family","7,8",96 239,$32.42M
849,Fighter,(I) (2010),Tous publics,116 min,"Action, Biography, Drama","7,8",376 518,$93.62M
850,Burt Munro,(2005),Tous Public,127 min,"Biography, Drama, Sport","7,8",56 414,$5.13M
851,Kai po che!,(2013),,130 min,"Drama, Sport","7,8",37 802,$1.12M
852,Les triplettes de Belleville,(2003),Tous publics,80 min,"Animation, Adventure, Comedy","7,7",55 670,$7.00M
853,Air,(2023),R,111 min,"Drama, Sport","7,6",,
854,Le stratège,(2011),Tous publics,133 min,"Biography, Drama, Sport","7,6",438 279,$75.61M
855,The Blind Side,(2009),Tous publics,129 min,"Biography, Drama, Sport","7,6",343 553,$255.96M
856,Creed: L'héritage de Rocky Balboa,(II) (2015),Tous publics,133 min,"Action, Drama, Sport","7,6",295 913,$109.77M
857,Hurricane Carter,(1999),Tous publics,146 min,"Biography, Drama, Sport","7,6",99 434,$50.67M
858,"Moi, Tonya",(2017),Tous publics,119 min,"Biography, Comedy, Drama","7,5",226 695,$30.01M
859,Jusqu'au bout du rêve,(1989),Tous Public,107 min,"Drama, Family, Fantasy","7,5",122 661,$64.43M
860,42,(2013),Tous publics,128 min,"Biography, Drama, Sport","7,5",98 408,$95.00M
861,The Art of Racing in the Rain,(2019),Tous Public,109 min,"Comedy, Drama, Romance","7,5",34 056,$25.50M
862,La Méthode Williams,(2021),Tous publics,144 min,"Biography, Drama, Sport","7,5",,
863,Waves,(I) (2019),Tous publics,135 min,"Drama, Romance, Sport","7,5",,
864,Le Grand Bleu,(1988),Tous publics,168 min,"Adventure, Drama, Sport","7,5",53 102,$3.50M
865,Rudy,(1993),PG,114 min,"Biography, Drama, Sport","7,5",65 955,$22.75M
866,'83,(2021),,162 min,"Biography, Drama, History","7,5",,
867,The Damned United,(2009),R,98 min,"Biography, Drama, Sport","7,5",44 808,$0.45M
868,Le grand défi,(1986),Tous publics,114 min,"Drama, Sport","7,4",48 934,$28.61M
869,Hooligans,(2005),16,109 min,"Crime, Drama, Sport","7,4",155 461,$0.34M
870,Les Nageuses,(2022),16,134 min,"Biography, Drama, Sport","7,4",,
871,Le grand jeu,(2017),Tous publics,140 min,"Biography, Crime, Drama","7,4",178 899,$28.78M
872,Miracle,(2004),Tous Public,135 min,"Biography, Drama, History","7,4",56 415,$64.38M
873,Le meilleur,(1984),Tous publics,138 min,"Drama, Sport","7,4",50 675,$47.95M
874,"McFarland, USA",(2015),PG,129 min,"Biography, Drama, Sport","7,4",40 289,$44.47M
875,Un parcours de légende,(2005),Tous publics,120 min,"Biography, Drama, Sport","7,4",31 998,$15.33M
876,À la recherche de Bobby Fischer,(1993),Tous Public,109 min,"Biography, Drama, Sport","7,4",41 127,$7.27M
877,Jhund,(2022),,176 min,"Biography, Drama, Sport","7,4",,
878,Une équipe hors du commun,(1992),Tous publics,128 min,"Comedy, Drama, Sport","7,3",114 434,$107.53M
879,Le moment de vérité,(1984),Tous publics,126 min,"Action, Drama, Family","7,3",232 609,$90.82M
880,Le haut du panier,(2022),7,117 min,"Comedy, Drama, Sport","7,3",,
881,The Dark Knight : Le Chevalier noir,(2008),Tous publics,152 min,"Action, Crime, Drama","9,0",2 712 245,$534.86M
882,Aynabaji,(2016),,147 min,"Crime, Mystery, Thriller","9,0",,
883,Inception,(2010),Tous publics,148 min,"Action, Adventure, Sci-Fi","8,8",2 407 554,$292.58M
884,Seven,(1995),12,127 min,"Crime, Drama, Mystery","8,6",1 693 649,$100.13M
885,Le Silence des agneaux,(1991),16,118 min,"Crime, Drama, Thriller","8,6",1 464 550,$130.74M
886,Léon,(1994),12,110 min,"Action, Crime, Drama","8,5",1 186 803,$19.50M
887,Parasite,(2019),Tous publics avec avertissement,132 min,"Drama, Thriller","8,5",850 664,$53.37M
888,Les infiltrés,(2006),Tous publics avec avertissement,151 min,"Crime, Drama, Thriller","8,5",1 353 433,$132.38M
889,Le Prestige,(2006),Tous publics,130 min,"Drama, Mystery, Sci-Fi","8,5",1 361 706,$53.09M
890,Usual Suspects,(1995),Tous publics,106 min,"Crime, Drama, Mystery","8,5",1 102 763,$23.34M
891,Psychose,(1960),18,109 min,"Horror, Mystery, Thriller","8,5",686 325,$32.00M
892,Fenêtre sur cour,(1954),Tous publics,112 min,"Mystery, Thriller","8,5",501 078,$36.76M
893,Joker,(I) (2019),12 avec avertissement,122 min,"Crime, Drama, Thriller","8,4",1 349 046,$335.45M
894,Old Boy,(2003),16,120 min,"Action, Drama, Mystery","8,4",594 853,$0.71M
895,Requiem pour un massacre - Va et regarde,(1985),Tous publics avec avertissement,142 min,"Drama, Thriller, War","8,4",,
896,The Dark Knight Rises,(2012),Tous publics,164 min,"Action, Drama, Thriller","8,4",1 738 272,$448.14M
897,Aliens : Le Retour,(1986),13,137 min,"Action, Adventure, Sci-Fi","8,4",731 338,$85.16M
898,Memento,(2000),Tous publics,113 min,"Mystery, Thriller","8,4",1 261 320,$25.54M
899,La vie des autres,(2006),Tous publics,137 min,"Drama, Mystery, Thriller","8,4",396 157,$11.29M
900,Témoin à charge,(1957),Tous publics,116 min,"Crime, Drama, Mystery","8,4",129 227,$8.18M
901,Kaithi,(2019),18,145 min,"Action, Adventure, Crime","8,4",,
902,Entre le ciel et l'enfer,(1963),Tous publics,143 min,"Crime, Drama, Mystery","8,4",,
903,Drishyam 2,(2021),13,152 min,"Crime, Drama, Thriller","8,4",,
904,Reservoir Dogs,(1992),16,99 min,"Crime, Thriller","8,3",1 041 006,$2.83M
905,Sueurs froides,(1958),Tous publics,128 min,"Mystery, Romance, Thriller","8,3",410 288,$3.20M
906,La mort aux trousses,(1959),Tous publics,136 min,"Action, Adventure, Mystery","8,3",334 096,$13.28M
907,M le maudit,(1931),Tous publics,118 min,"Crime, Mystery, Thriller","8,3",161 461,$0.03M
908,Assurance sur la mort,(1944),Tous publics,107 min,"Crime, Drama, Film-Noir","8,3",160 581,$5.72M
909,Kantara,(2022),,148 min,"Action, Adventure, Drama","8,3",,
910,K.G.F: Chapter 2,(2022),13,168 min,"Action, Crime, Drama","8,3",139 278,$6.60M
911,Vikram,(2022),,175 min,"Action, Crime, Thriller","8,3",,
912,Ratsasan,(2018),,170 min,"Action, Crime, Drama","8,3",,
913,Drishyam,(2013),,160 min,"Crime, Drama, Thriller","8,3",,
914,John Wick: Chapitre 4,(2023),12,169 min,"Action, Crime, Thriller","8,2",,
915,Jurassic Park,(1993),Tous publics,127 min,"Action, Adventure, Sci-Fi","8,2",1 011 906,$402.45M
916,No Country for Old Men,(2007),12,122 min,"Crime, Drama, Thriller","8,2",999 284,$74.28M
917,Shutter Island,(2010),12,138 min,"Mystery, Thriller","8,2",1 357 010,$128.01M
918,Kill Bill: Volume I,(2003),16,111 min,"Action, Crime, Drama","8,2",1 138 718,$70.10M
919,Sixième sens,(1999),12,107 min,"Drama, Mystery, Thriller","8,2",1 009 540,$293.51M
920,Piège de cristal,(1988),Tous publics,132 min,"Action, Thriller","8,2",900 035,$83.01M
921,V pour vendetta,(2005),Tous publics avec avertissement,132 min,"Action, Drama, Sci-Fi","8,2",1 139 284,$70.51M
922,Chinatown,(1974),12,130 min,"Drama, Mystery, Thriller","8,2",334 131,$8.49M
923,L.A. Confidential,(1997),Tous publics,138 min,"Crime, Drama, Mystery","8,2",592 351,$64.62M
924,"Demon Slayer - Kimetsu no Yaiba, le film : Le Train de l'Infini",(2020),Tous publics avec avertissement,117 min,"Animation, Action, Adventure","8,2",63 822,$47.70M
925,La Grande Évasion,(1963),Tous publics,172 min,"Adventure, Drama, History","8,2",249 148,$12.10M
926,Dans ses yeux,(2009),Tous publics,129 min,"Drama, Mystery, Romance","8,2",213 796,$6.39M
927,Tumbbad,(2018),,104 min,"Drama, Fantasy, Horror","8,2",,
928,Drishyam 2,(2022),13,140 min,"Crime, Drama, Mystery","8,2",,
929,Le crime était presque parfait,(1954),Tous publics,105 min,"Crime, Thriller","8,2",180 261,$0.01M
930,Le garde du corps,(1961),Tous publics,110 min,"Action, Drama, Thriller","8,2",,
931,Il faut sauver le soldat Ryan,(1998),Tous publics avec avertissement,169 min,"Drama, War","8,6",1 420 636,$216.54M
932,La vie est belle,(1997),Tous publics,116 min,"Comedy, Drama, Romance","8,6",709 849,$57.60M
933,Le pianiste,(2002),Tous publics,150 min,"Biography, Drama, Music","8,5",853 992,$32.57M
934,Casablanca,(1942),Tous publics,102 min,"Drama, Romance, War","8,5",582 530,$1.02M
935,Le tombeau des lucioles,(1988),Tous publics,89 min,"Animation, Drama, War","8,5",,
936,Apocalypse Now,(1979),Tous publics avec avertissement,147 min,"Drama, Mystery, War","8,4",681 059,$83.47M
937,Requiem pour un massacre - Va et regarde,(1985),Tous publics avec avertissement,142 min,"Drama, Thriller, War","8,4",,
938,Braveheart,(1995),Tous publics,178 min,"Biography, Drama, History","8,4",1 054 244,$75.60M
939,Dr. Folamour ou : Comment j'ai appris à ne plus m'en faire et à aimer la bombe !,(1964),Tous publics,95 min,"Comedy, War","8,4",499 657,$0.28M
940,Le Bateau,(1981),Tous publics,149 min,"Drama, War","8,4",255 310,$11.49M
941,Les sentiers de la gloire,(1957),(Banned),88 min,"Drama, War","8,4",,
942,Le dictateur,(1940),Tous publics,125 min,"Comedy, Drama, War","8,4",228 330,$0.29M
943,Inglourious Basterds,(2009),12,153 min,"Adventure, Drama, War","8,3",1 488 342,$120.54M
944,Full Metal Jacket,(1987),13,116 min,"Drama, War","8,3",757 334,$46.36M
945,Lawrence d'Arabie,(1962),Tous publics,218 min,"Adventure, Biography, Drama","8,3",300 580,$44.82M
946,Jugement à Nuremberg,(1961),Tous publics,179 min,"Drama, War","8,3",,
947,Ayla,(2017),,125 min,"Biography, Drama, History","8,3",,
948,Shershaah,(2021),13,135 min,"Action, Biography, Drama","8,3",,
949,1917,(2019),Tous publics avec avertissement,119 min,"Action, Drama, War","8,2",618 558,$159.23M
950,La chute,(2004),Tous publics avec avertissement,156 min,"Biography, Drama, History","8,2",361 879,$5.51M
951,Le labyrinthe de Pan,(2006),12,118 min,"Drama, Fantasy, War","8,2",680 040,$37.63M
952,Autant en emporte le vent,(1939),Tous publics,238 min,"Drama, Romance, War","8,2",321 986,$198.68M
953,La Grande Évasion,(1963),Tous publics,172 min,"Adventure, Drama, History","8,2",249 148,$12.10M
954,Ran,(1985),Tous publics,162 min,"Action, Drama, War","8,2",128 849,$4.14M
955,Jeu dangereux,(1942),Tous publics,99 min,"Comedy, Romance, War","8,2",,
956,Uri: The Surgical Strike,(2019),,138 min,"Action, Drama, History","8,2",66 889,$4.19M
957,Montagne II,(2016),,135 min,"Action, Drama, War","8,2",,
958,Tu ne tueras point,(2016),12,139 min,"Biography, Drama, History","8,1",547 817,$67.21M
959,Platoon,(1986),12,120 min,"Drama, War","8,1",422 698,$138.53M
960,Voyage au bout de l'enfer,(1978),12,183 min,"Drama, War","8,1",346 211,$48.98M
961,Barry Lyndon,(1975),Tous publics,185 min,"Adventure, Drama, War","8,1",,
962,Hôtel Rwanda,(2004),Tous Public,121 min,"Biography, Drama, History","8,1",361 493,$23.53M
963,Le pont de la rivière Kwaï,(1957),Tous publics,161 min,"Adventure, Drama, War","8,1",225 338,$44.91M
964,À l'Ouest rien de nouveau,(1930),Tous publics,152 min,"Drama, War","8,1",65 397,$3.27M
965,Les Plus Belles Années de notre vie,(1946),Tous publics,170 min,"Drama, Romance, War","8,1",66 955,$23.65M
966,Underground,(1995),,170 min,"Comedy, Drama, Fantasy","8,1",59 570,$0.17M
967,Le message,(1976),Tous Public,177 min,"Biography, Drama, History","8,1",,
968,La bataille d'Alger,(1966),Tous publics,121 min,"Drama, War","8,1",62 299,$0.06M
969,Le mécano de la Générale,(1926),Tous publics,67 min,"Action, Adventure, Comedy","8,1",93 708,$1.03M
970,La grande illusion,(1937),Tous Public,113 min,"Drama, War","8,1",37 608,$0.17M
971,Mandarines,(2013),Tous publics,87 min,"Drama, War","8,1",47 469,$0.14M
972,Dara iz Jasenovca,(2020),R,130 min,"Drama, War","8,1",81 388,$0.05M
973,Imitation Game,(2014),Tous publics,114 min,"Biography, Drama, Thriller","8,0",787 693,$91.13M
974,Ip man,(2008),12,106 min,"Action, Biography, Drama","8,0",,
975,La Voix d'Aida,(2020),Tous publics,101 min,"Drama, History, War","8,0",,
976,Persepolis,(2007),Tous publics,96 min,"Animation, Biography, Drama","8,0",96 987,$4.45M
977,Stalag 17,(1953),Tous Public,120 min,"Comedy, Drama, War","8,0",,
978,Au revoir les enfants,(1987),Tous publics,104 min,"Drama, War","8,0",34 881,$4.54M
979,L'enfance d'Ivan,(1962),Tous publics,95 min,"Drama, War","8,0",,
980,Frères de sang,(2004),12,140 min,"Action, Drama, War","8,0",40 339,$1.11M
981,"Le Bon, la brute, le truand",(1966),12,161 min,"Adventure, Western","8,8",775 836,$6.10M
982,Il était une fois dans l'Ouest,(1968),Tous publics,165 min,Western,"8,5",336 561,$5.32M
983,Django Unchained,(2012),12,165 min,"Drama, Western","8,4",1 595 648,$162.81M
984,Impitoyable,(1992),Tous publics,130 min,"Drama, Western","8,2",420 190,$101.16M
985,...et pour quelques dollars de plus,(1965),18,132 min,"Drama, Western","8,2",262 364,$15.00M
986,Le Trésor de la Sierra Madre,(1948),Tous publics,126 min,"Adventure, Drama, Western","8,2",127 733,$5.01M
987,L'homme qui tua Liberty Valance,(1962),12,123 min,"Drama, Western","8,1",,
988,La ruée vers l'or,(1925),Tous publics,95 min,"Adventure, Comedy, Drama","8,1",113 713,$5.45M
989,Sholay,(1975),,204 min,"Action, Adventure, Comedy","8,1",,
990,Danse avec les loups,(1990),Tous publics,181 min,"Adventure, Drama, Western","8,0",275 826,$184.21M
991,The Revenant,(2015),12,156 min,"Action, Adventure, Drama","8,0",826 225,$183.64M
992,Butch Cassidy et le Kid,(1969),Tous publics,110 min,"Biography, Crime, Drama","8,0",220 501,$102.31M
993,Rio Bravo,(1959),,141 min,"Drama, Western","8,0",64 978,$12.54M
994,Le train sifflera trois fois,(1952),Tous publics,85 min,"Drama, Thriller, Western","8,0",106 750,$9.45M
995,Pour une poignée de dollars,(1964),Tous publics,99 min,"Action, Drama, Western","7,9",223 058,$14.50M
996,La prisonnière du désert,(1956),Tous publics,119 min,"Adventure, Drama, Western","7,9",,
997,La Horde sauvage,(1969),18,145 min,"Action, Adventure, Drama","7,9",87 236,$12.06M
998,Tombstone,(1993),Tous publics,130 min,"Biography, Drama, History","7,8",155 496,$56.51M
999,Les 8 Salopards,(2015),12 avec avertissement,168 min,"Crime, Drama, Mystery","7,8",622 080,$54.12M
1000,Josey Wales hors-la-loi,(1976),Tous publics,135 min,Western,"7,8",76 396,$31.80M
1001,La rivière rouge,(1948),,133 min,"Drama, Western","7,8",,
1002,La Chevauchée fantastique,(1939),Tous publics,96 min,"Adventure, Drama, Western","7,8",,
1003,Wind River,(2017),12,107 min,"Crime, Drama, Mystery","7,7",261 889,$33.80M
1004,Les 7 mercenaires,(1960),Tous publics,128 min,"Action, Adventure, Drama","7,7",98 083,$4.91M
1005,Le shérif est en prison,(1974),Tous publics,93 min,"Comedy, Western","7,7",144 351,$119.50M
1006,3h10 pour Yuma,(2007),18,122 min,"Action, Crime, Drama","7,7",319 767,$53.61M
1007,Comancheria,(II) (2016),Tous publics avec avertissement,102 min,"Crime, Drama, Thriller","7,6",238 499,$26.86M
1008,True Grit,(2010),Tous publics,110 min,"Drama, Western","7,6",346 462,$171.24M
1009,Jeremiah Johnson,(1972),Tous publics,108 min,"Adventure, Drama, Western","7,6",33 041,$47.74M
1010,Géant,(1956),Tous publics,201 min,"Drama, Western","7,6",,
1011,L'Homme des vallées perdues,(1953),Tous publics,118 min,"Drama, Western","7,6",42 345,$20.00M
1012,Le dernier des géants,(1976),Tous publics,100 min,"Drama, Romance, Western","7,6",,
1013,Il était une fois... la révolution,(1971),Tous publics,157 min,"Drama, War, Western","7,6",35 883,$0.70M
1014,John McCabe,(1971),12,120 min,"Drama, Western","7,6",26 298,$8.20M
1015,Légendes d'automne,(1994),Tous publics,133 min,"Drama, Romance, War","7,5",172 820,$66.64M
1016,L'assassinat de Jesse James par le lâche Robert Ford,(2007),Tous publics,160 min,"Biography, Crime, Drama","7,5",186 704,$3.90M
1017,El Dorado,(1966),Tous publics,126 min,"Drama, Romance, Western","7,5",28 603,$12.97M
1018,Des souris et des hommes,(1992),Tous publics,115 min,"Drama, Western","7,5",45 104,$5.10M
1019,Dead Man,(1995),Tous publics,121 min,"Adventure, Drama, Fantasy","7,5",99 652,$1.04M
1020,Little Big Man,(1970),Tous publics,139 min,"Adventure, Comedy, Drama","7,5",36 576,$31.56M
1021,Open Range,(2003),Tous publics,139 min,"Action, Drama, Romance","7,4",75 352,$58.33M
1022,Retour vers le futur 3,(1990),Tous publics,118 min,"Adventure, Comedy, Sci-Fi","7,4",459 706,$87.73M
1023,L'homme des hautes plaines,(1973),Tous publics,105 min,"Drama, Mystery, Western","7,4",60 726,$15.70M
1024,100 dollars pour un shérif,(1969),12,128 min,"Adventure, Drama, Western","7,4",49 234,$31.13M
1025,Lone Star,(1996),Tous publics,135 min,"Drama, Mystery, Western","7,4",30 674,$13.27M
1026,Yahsi Bati,(2009),,112 min,"Adventure, Comedy, Fantasy","7,4",,
1027,La ballade de Buster Scruggs,(2018),16,133 min,"Comedy, Drama, Musical","7,3",,
1028,Pale Rider - Le cavalier solitaire,(1985),Tous publics,115 min,"Drama, Western","7,3",61 778,$41.41M
1029,Les sept femmes de Barberousse,(1954),Tous Public,102 min,"Comedy, Drama, Musical","7,3",26 035,$9.40M
1030,Mon nom est Personne,(1973),Tous publics,116 min,"Comedy, Drama, Western","7,3",28 245,$0.39M